40260,G,20230809 23:47:29,20230809 23:51:29,0,0,0,State/Lake,Harlem/Lake,41.8736,-87.62679,15,15
40260,Org,20230809 23:47:41,20230809 23:51:41,0,0,0,State/Lake,Midway,41.87734,-87.63369,14,14
40260,Pink,20230809 23:47:26,20230809 23:54:26,0,0,0,State/Lake,54th/Cermak,41.88574,-87.62758,11,11
40260,G,20230809 23:47:39,20230809 23:56:39,0,0,0,State/Lake,Ashland/63rd,41.88436,-87.69232,21,21
40260,Org,20230809 23:47:33,20230810 00:06:33,0,0,0,State/Lake,Midway,41.83957,-87.66485,65,65
40260,Brn,20230809 23:47:42,20230810 00:08:42,0,0,0,State/Lake,Kimball,41.92678,-87.65291,15,15
40260,Pink,20230809 23:47:11,20230810 00:11:11,0,0,0,State/Lake,54th/Cermak,41.85192,-87.74534,24,24
40380,Org,20230809 23:47:41,20230809 23:50:41,0,0,0,Clark/Lake,Midway,41.87734,-87.63369,14,14
40380,G,20230809 23:47:29,20230809 23:52:29,0,0,0,Clark/Lake,Harlem/Lake,41.8736,-87.62679,15,15
40380,Blue,20230809 23:47:40,20230809 23:53:40,0,0,0,Clark/Lake,Forest Park,41.90092,-87.66274,18,18
40380,Pink,20230809 23:47:26,20230809 23:53:26,0,0,0,Clark/Lake,54th/Cermak,41.88574,-87.63089,16,16
40380,G,20230809 23:47:39,20230809 23:55:39,0,0,0,Clark/Lake,Ashland/63rd,41.88436,-87.69232,21,21
40380,Org,20230809 23:47:33,20230810 00:04:33,0,0,0,Clark/Lake,Midway,41.83957,-87.66485,65,65
41700,G,20230809 23:47:29,20230809 23:49:29,0,0,0,Washington/Wabash,Harlem/Lake,41.8736,-87.62679,15,15
41700,G,20230809 23:47:36,20230809 23:48:36,0,0,0,Washington/Wabash,Cottage Grove,41.88202,-87.62616,11,11
41700,Org,20230809 23:47:41,20230809 23:53:41,0,0,0,Washington/Wabash,Midway,41.87734,-87.63369,14,14
41700,Pink,20230809 23:47:26,20230809 23:56:26,0,0,0,Washington/Wabash,54th/Cermak,41.88202,-87.62616,11,11
41700,G,20230809 23:47:39,20230809 23:58:39,0,0,0,Washington/Wabash,Ashland/63rd,41.88436,-87.69232,21,21
41700,Brn,20230809 23:47:42,20230810 00:06:42,0,0,0,Washington/Wabash,Kimball,41.92678,-87.65291,15,15
41700,Org,20230809 23:47:33,20230810 00:08:33,0,0,0,Washington/Wabash,Midway,41.83957,-87.66485,65,65
40680,G,20230809 23:47:50,20230809 23:49:50,0,0,0,Adams/Wabash,Harlem/Lake,41.87452,-87.62655,15,15
40680,G,20230809 23:47:59,20230809 23:48:59,0,0,0,Adams/Wabash,Cottage Grove,41.88202,-87.62616,11,11
40680,Org,20230809 23:48:01,20230809 23:55:01,0,0,0,Adams/Wabash,Midway,41.87803,-87.63371,14,14
40680,Pink,20230809 23:47:51,20230809 23:56:51,0,0,0,Adams/Wabash,54th/Cermak,41.88526,-87.66864,19,19
40680,G,20230809 23:47:39,20230809 23:59:39,0,0,0,Adams/Wabash,Ashland/63rd,41.88436,-87.69232,21,21
40680,Brn,20230809 23:47:52,20230810 00:05:52,0,0,0,Adams/Wabash,Kimball,41.92505,-87.65287,15,15
40680,Org,20230809 23:47:33,20230810 00:08:33,0,0,0,Adams/Wabash,Midway,41.83957,-87.66485,65,65
40850,Pink,20230809 23:47:51,20230809 23:58:51,0,0,0,Harold Washington Library-State/Van Buren,54th/Cermak,41.88526,-87.66864,19,19
40850,Org,20230809 23:47:33,20230809 23:59:33,0,0,0,Harold Washington Library-State/Van Buren,Midway,41.83957,-87.66485,65,65
40850,Brn,20230809 23:47:52,20230810 00:03:52,0,0,0,Harold Washington Library-State/Van Buren,Kimball,41.92505,-87.65287,15,15
40850,Pink,20230809 23:47:11,20230810 00:16:11,0,0,0,Harold Washington Library-State/Van Buren,54th/Cermak,41.85192,-87.74534,24,24
40160,Pink,20230809 23:47:58,20230809 23:48:58,0,0,0,LaSalle/Van Buren,54th/Cermak,41.87686,-87.63174,14,14
40160,Pink,20230809 23:47:51,20230809 23:59:51,0,0,0,LaSalle/Van Buren,54th/Cermak,41.88526,-87.66864,19,19
40160,Org,20230809 23:47:33,20230810 00:00:33,0,0,0,LaSalle/Van Buren,Midway,41.83957,-87.66485,65,65
40160,Brn,20230809 23:47:52,20230810 00:02:52,0,0,0,LaSalle/Van Buren,Kimball,41.92505,-87.65287,15,15
40160,Pink,20230809 23:47:11,20230810 00:17:11,0,0,0,LaSalle/Van Buren,54th/Cermak,41.85192,-87.74534,24,24
40040,Org,20230809 23:48:01,20230809 23:49:01,0,0,0,Quincy,Midway,41.87803,-87.63371,14,14
40040,Pink,20230809 23:47:58,20230809 23:49:58,0,0,0,Quincy,54th/Cermak,41.87686,-87.63174,14,14
40040,Pink,20230809 23:47:51,20230810 00:00:51,0,0,0,Quincy,54th/Cermak,41.88526,-87.66864,19,19
40040,Brn,20230809 23:47:52,20230810 00:01:52,0,0,0,Quincy,Kimball,41.92505,-87.65287,15,15
40040,Org,20230809 23:47:33,20230810 00:01:33,0,0,0,Quincy,Midway,41.83957,-87.66485,65,65
40040,Pink,20230809 23:47:11,20230810 00:19:11,0,0,0,Quincy,54th/Cermak,41.85192,-87.74534,24,24
40730,Org,20230809 23:48:01,20230809 23:49:01,0,0,0,Washington/Wells,Midway,41.87803,-87.63371,14,14
40730,Pink,20230809 23:47:58,20230809 23:49:58,0,0,0,Washington/Wells,54th/Cermak,41.87686,-87.63174,14,14
40730,Brn,20230809 23:47:52,20230810 00:00:52,0,0,0,Washington/Wells,Kimball,41.92505,-87.65287,15,15
40730,Pink,20230809 23:47:51,20230810 00:01:51,0,0,0,Washington/Wells,54th/Cermak,41.88526,-87.66864,19,19
40730,Org,20230809 23:47:33,20230810 00:02:33,0,0,0,Washington/Wells,Midway,41.83957,-87.66485,65,65
40730,Pink,20230809 23:47:11,20230810 00:20:11,0,0,0,Washington/Wells,54th/Cermak,41.85192,-87.74534,24,24
40460,Brn,20230809 23:47:52,20230809 23:58:52,0,0,0,Merchandise Mart,Loop,41.92505,-87.65287,15,15
40460,Brn,20230809 23:47:52,20230810 00:10:52,0,0,0,Merchandise Mart,Kimball,41.92505,-87.65287,15,15
40330,Red,20230809 23:48:00,20230809 23:53:00,0,0,0,Grand,Howard,41.87404,-87.62748,15,15
40330,Red,20230809 23:47:03,20230809 23:53:03,0,0,0,Grand,95th/Dan Ryan,41.91065,-87.64918,18,18
40330,Red,20230809 23:47:49,20230810 00:04:49,0,0,0,Grand,95th/Dan Ryan,41.9534,-87.65369,16,1
41400,Org,20230809 23:47:58,20230809 23:49:58,0,0,0,Roosevelt,Midway,41.87405,-87.62679,15,15
41400,Red,20230809 23:48:00,20230809 23:51:00,0,0,0,Roosevelt,95th/Dan Ryan,41.88198,-87.62772,11,11
41400,G,20230809 23:47:59,20230809 23:51:59,0,0,0,Roosevelt,Cottage Grove,41.88202,-87.62616,11,11
41400,Org,20230809 23:47:33,20230809 23:55:33,0,0,0,Roosevelt,Loop,41.83957,-87.66485,65,65
41400,Org,20230809 23:48:01,20230809 23:59:01,0,0,0,Roosevelt,Midway,41.87803,-87.63371,14,14
41400,Red,20230809 23:47:03,20230810 00:01:03,0,0,0,Roosevelt,95th/Dan Ryan,41.91065,-87.64918,18,18
41160,Pink,20230809 23:47:51,20230809 23:50:51,0,0,0,Clinton,Loop,41.88526,-87.66864,19,19
41160,Pink,20230809 23:47:58,20230809 23:53:58,0,0,0,Clinton,54th/Cermak,41.87686,-87.63174,14,14
41160,G,20230809 23:47:39,20230809 23:53:39,0,0,0,Clinton,Ashland/63rd,41.88436,-87.69232,21,21
41160,G,20230809 23:47:50,20230809 23:55:50,0,0,0,Clinton,Harlem/Lake,41.87452,-87.62655,15,15
41160,Pink,20230809 23:47:51,20230810 00:05:51,0,0,0,Clinton,54th/Cermak,41.88526,-87.66864,19,19
41160,Pink,20230809 23:47:11,20230810 00:08:11,0,0,0,Clinton,Loop,41.85192,-87.74534,24,24
41160,G,20230809 23:47:41,20230810 00:09:41,0,0,0,Clinton,Cottage Grove,41.88699,-87.79378,18,18
41220,Brn,20230809 23:47:51,20230809 23:54:51,0,0,0,Fullerton,Kimball,41.92505,-87.65287,15,15
41220,Red,20230809 23:47:49,20230809 23:55:49,0,0,0,Fullerton,95th/Dan Ryan,41.9534,-87.65369,16,1
41220,Red,20230809 23:48:00,20230810 00:02:00,0,0,0,Fullerton,Howard,41.87404,-87.62748,15,15
41220,Brn,20230809 23:47:52,20230810 00:22:52,0,0,0,Fullerton,Kimball,41.92505,-87.65287,15,15
41120,G,20230809 23:47:55,20230809 23:58:55,0,0,0,35th-Bronzeville-IIT,Harlem/Lake,41.78904,-87.61817,27,27
41120,G,20230809 23:47:59,20230809 23:58:59,0,0,0,35th-Bronzeville-IIT,Cottage Grove,41.88202,-87.62616,11,11
41120,G,20230809 23:47:39,20230810 00:10:39,0,0,0,35th-Bronzeville-IIT,Ashland/63rd,41.88436,-87.69232,21,21
41120,G,20230809 23:47:41,20230810 00:26:41,0,0,0,35th-Bronzeville-IIT,Cottage Grove,41.88699,-87.79378,18,18
41320,Red,20230809 23:47:49,20230809 23:51:49,0,0,0,Belmont,95th/Dan Ryan,41.9534,-87.65369,16,1
41320,Brn,20230809 23:47:51,20230809 23:57:51,0,0,0,Belmont,Kimball,41.93981,-87.65338,14,14
41320,Red,20230809 23:48:00,20230810 00:05:00,0,0,0,Belmont,Howard,41.87404,-87.62748,15,15
41320,Brn,20230809 23:47:52,20230810 00:26:52,0,0,0,Belmont,Kimball,41.92505,-87.65287,15,15
40820,Blue,20230809 23:47:50,20230809 23:48:50,0,0,0,Rosemont,Forest Park,41.98351,-87.85939,57,57
40820,Blue,20230809 23:47:52,20230809 23:51:52,0,0,0,Rosemont,O'Hare,41.98355,-87.8193,67,67
40820,Blue,20230809 23:47:45,20230810 00:01:45,0,0,0,Rosemont,O'Hare,41.95604,-87.73464,60,60
40820,Blue,20230809 23:47:54,20230810 00:13:54,0,0,0,Rosemont,O'Hare,41.91257,-87.68183,16,16
40820,Blue,20230809 23:47:46,20230810 00:21:46,0,0,0,Rosemont,O'Hare,41.88573,-87.63293,11,11
40960,Org,20230809 23:47:58,20230810 00:08:58,0,0,0,Pulaski,Midway,41.87405,-87.62679,15,15
40960,Org,20230809 23:48:01,20230810 00:18:01,0,0,0,Pulaski,Midway,41.87803,-87.63371,14,14
40960,Org,20230809 23:47:33,20230810 00:32:33,0,0,0,Pulaski,Midway,41.83957,-87.66485,65,65
41020,Blue,20230809 23:47:54,20230809 23:51:54,0,0,0,Logan Square,O'Hare,41.91257,-87.68183,16,16
41020,Blue,20230809 23:48:01,20230809 23:54:01,0,0,0,Logan Square,Forest Park,41.95933,-87.7406,65,65
41020,Blue,20230809 23:47:46,20230809 23:59:46,0,0,0,Logan Square,O'Hare,41.88573,-87.63293,11,11
41020,Blue,20230809 23:47:50,20230810 00:08:50,0,0,0,Logan Square,Forest Park,41.92973,-87.70854,19,19
40260,G,20230809 23:57:49,20230809 23:59:49,0,0,0,State/Lake,Ashland/63rd,41.88571,-87.63742,9,9
40260,Org,20230809 23:57:58,20230810 00:04:58,0,0,0,State/Lake,Midway,41.87644,-87.62601,13,13
40260,Brn,20230809 23:57:59,20230810 00:08:59,0,0,0,State/Lake,Kimball,41.89051,-87.63553,14,14
40260,Pink,20230809 23:58:02,20230810 00:12:02,0,0,0,State/Lake,54th/Cermak,41.85445,-87.68127,15,15
40260,G,20230809 23:58:01,20230810 00:13:01,0,0,0,State/Lake,Harlem/Lake,41.82959,-87.62583,27,27
40260,G,20230809 23:57:45,20230810 00:13:45,0,0,0,State/Lake,Cottage Grove,41.88578,-87.73184,24,24
40260,Org,20230809 23:57:54,20230810 00:20:54,0,0,0,State/Lake,Midway,41.81212,-87.67967,25,25
40380,G,20230809 23:57:49,20230809 23:58:49,0,0,0,Clark/Lake,Ashland/63rd,41.88571,-87.63742,9,9
40380,Org,20230809 23:57:58,20230810 00:03:58,0,0,0,Clark/Lake,Midway,41.87644,-87.62601,13,13
40380,Brn,20230809 23:57:59,20230810 00:08:59,0,0,0,Clark/Lake,Kimball,41.89051,-87.63553,14,14
40380,Blue,20230809 23:58:02,20230810 00:10:02,0,0,0,Clark/Lake,Forest Park,41.91846,-87.69113,16,16
40380,Pink,20230809 23:58:02,20230810 00:10:02,0,0,0,Clark/Lake,54th/Cermak,41.85445,-87.68127,15,15
40380,G,20230809 23:57:45,20230810 00:11:45,0,0,0,Clark/Lake,Cottage Grove,41.88578,-87.73184,24,24
41700,G,20230809 23:57:49,20230810 00:01:49,0,0,0,Washington/Wabash,Ashland/63rd,41.88571,-87.63742,9,9
41700,Brn,20230809 23:57:59,20230810 00:06:59,0,0,0,Washington/Wabash,Kimball,41.89051,-87.63553,14,14
41700,Org,20230809 23:57:58,20230810 00:06:58,0,0,0,Washington/Wabash,Midway,41.87644,-87.62601,13,13
41700,G,20230809 23:58:01,20230810 00:11:01,0,0,0,Washington/Wabash,Harlem/Lake,41.82959,-87.62583,27,27
41700,Pink,20230809 23:58:02,20230810 00:14:02,0,0,0,Washington/Wabash,54th/Cermak,41.85445,-87.68127,15,15
41700,G,20230809 23:57:45,20230810 00:14:45,0,0,0,Washington/Wabash,Cottage Grove,41.88578,-87.73184,24,24
41700,Org,20230809 23:57:54,20230810 00:22:54,0,0,0,Washington/Wabash,Midway,41.81212,-87.67967,25,25
40680,G,20230809 23:57:49,20230810 00:02:49,0,0,0,Adams/Wabash,Ashland/63rd,41.88571,-87.63742,9,9
40680,Brn,20230809 23:57:59,20230810 00:05:59,0,0,0,Adams/Wabash,Kimball,41.89051,-87.63553,14,14
40680,Org,20230809 23:57:58,20230810 00:07:58,0,0,0,Adams/Wabash,Midway,41.87644,-87.62601,13,13
40680,G,20230809 23:58:01,20230810 00:10:01,0,0,0,Adams/Wabash,Harlem/Lake,41.82959,-87.62583,27,27
40680,Pink,20230809 23:58:02,20230810 00:14:02,0,0,0,Adams/Wabash,54th/Cermak,41.85445,-87.68127,15,15
40680,G,20230809 23:57:45,20230810 00:15:45,0,0,0,Adams/Wabash,Cottage Grove,41.88578,-87.73184,24,24
40680,Org,20230809 23:57:54,20230810 00:23:54,0,0,0,Adams/Wabash,Midway,41.81212,-87.67967,25,25
40850,Org,20230809 23:57:58,20230809 23:58:58,0,0,0,Harold Washington Library-State/Van Buren,Midway,41.87644,-87.62601,13,13
40850,Pink,20230809 23:57:59,20230809 23:58:59,0,0,0,Harold Washington Library-State/Van Buren,54th/Cermak,41.87652,-87.62601,13,13
40850,Brn,20230809 23:57:59,20230810 00:03:59,0,0,0,Harold Washington Library-State/Van Buren,Kimball,41.89051,-87.63553,14,14
40850,Org,20230809 23:57:54,20230810 00:13:54,0,0,0,Harold Washington Library-State/Van Buren,Midway,41.81212,-87.67967,25,25
40850,Pink,20230809 23:58:02,20230810 00:16:02,0,0,0,Harold Washington Library-State/Van Buren,54th/Cermak,41.85445,-87.68127,15,15
40850,Brn,20230809 23:57:50,20230810 00:26:50,0,0,0,Harold Washington Library-State/Van Buren,Kimball,41.96536,-87.67539,17,17
40160,Org,20230809 23:57:58,20230809 23:59:58,0,0,0,LaSalle/Van Buren,Midway,41.87644,-87.62601,13,13
40160,Pink,20230809 23:57:59,20230809 23:59:59,0,0,0,LaSalle/Van Buren,54th/Cermak,41.87652,-87.62601,13,13
40160,Brn,20230809 23:57:59,20230810 00:02:59,0,0,0,LaSalle/Van Buren,Kimball,41.89051,-87.63553,14,14
40160,Org,20230809 23:57:54,20230810 00:14:54,0,0,0,LaSalle/Van Buren,Midway,41.81212,-87.67967,25,25
40160,Pink,20230809 23:58:02,20230810 00:17:02,0,0,0,LaSalle/Van Buren,54th/Cermak,41.85445,-87.68127,15,15
40160,Brn,20230809 23:57:50,20230810 00:25:50,0,0,0,LaSalle/Van Buren,Kimball,41.96536,-87.67539,17,17
40040,Org,20230809 23:57:58,20230810 00:00:58,0,0,0,Quincy,Midway,41.87644,-87.62601,13,13
40040,Pink,20230809 23:57:59,20230810 00:00:59,0,0,0,Quincy,54th/Cermak,41.87652,-87.62601,13,13
40040,Brn,20230809 23:57:59,20230810 00:01:59,0,0,0,Quincy,Kimball,41.89051,-87.63553,14,14
40040,Org,20230809 23:57:54,20230810 00:16:54,0,0,0,Quincy,Midway,41.81212,-87.67967,25,25
40040,Pink,20230809 23:58:02,20230810 00:19:02,0,0,0,Quincy,54th/Cermak,41.85445,-87.68127,15,15
40040,Brn,20230809 23:57:50,20230810 00:23:50,0,0,0,Quincy,Kimball,41.96536,-87.67539,17,17
40730,Brn,20230809 23:57:59,20230810 00:00:59,0,0,0,Washington/Wells,Kimball,41.89051,-87.63553,14,14
40730,Org,20230809 23:57:58,20230810 00:01:58,0,0,0,Washington/Wells,Midway,41.87644,-87.62601,13,13
40730,Pink,20230809 23:57:59,20230810 00:01:59,0,0,0,Washington/Wells,54th/Cermak,41.87652,-87.62601,13,13
40730,Org,20230809 23:57:54,20230810 00:17:54,0,0,0,Washington/Wells,Midway,41.81212,-87.67967,25,25
40730,Pink,20230809 23:58:02,20230810 00:20:02,0,0,0,Washington/Wells,54th/Cermak,41.85445,-87.68127,15,15
40730,Brn,20230809 23:57:50,20230810 00:23:50,0,0,0,Washington/Wells,Kimball,41.96536,-87.67539,17,17
40460,Brn,20230809 23:57:59,20230809 23:58:59,0,0,0,Merchandise Mart,Loop,41.89051,-87.63553,14,14
40460,Brn,20230809 23:57:59,20230810 00:10:59,0,0,0,Merchandise Mart,Kimball,41.89051,-87.63553,14,14
40460,Brn,20230809 23:57:50,20230810 00:21:50,0,0,0,Merchandise Mart,Loop,41.96536,-87.67539,17,17
40460,Brn,20230809 23:57:50,20230810 00:33:50,0,0,0,Merchandise Mart,Kimball,41.96536,-87.67539,17,17
40330,Red,20230809 23:58:02,20230810 00:04:02,0,0,0,Grand,95th/Dan Ryan,41.91236,-87.65155,18,18
40330,Red,20230809 23:57:26,20230810 00:31:26,0,0,0,Grand,95th/Dan Ryan,42.00836,-87.66591,22,22
41400,Org,20230809 23:57:40,20230809 23:58:40,0,0,0,Roosevelt,Midway,41.87046,-87.62672,13,13
41400,Red,20230809 23:57:58,20230810 00:00:58,0,0,0,Roosevelt,95th/Dan Ryan,41.88198,-87.62772,11,11
41400,G,20230809 23:58:01,20230810 00:06:01,0,0,0,Roosevelt,Harlem/Lake,41.82959,-87.62583,27,27
41400,G,20230809 23:57:49,20230810 00:05:49,0,0,0,Roosevelt,Ashland/63rd,41.88571,-87.63742,9,9
41400,Org,20230809 23:57:54,20230810 00:09:54,0,0,0,Roosevelt,Loop,41.81212,-87.67967,25,25
41400,Org,20230809 23:57:58,20230810 00:11:58,0,0,0,Roosevelt,Midway,41.87644,-87.62601,13,13
41400,Red,20230809 23:58:02,20230810 00:12:02,0,0,0,Roosevelt,Howard,41.78054,-87.631,71,71
41160,Pink,20230809 23:57:59,20230810 00:05:59,0,0,0,Clinton,54th/Cermak,41.87652,-87.62601,13,13
41160,Pink,20230809 23:58:02,20230810 00:08:02,0,0,0,Clinton,Loop,41.85445,-87.68127,15,15
41160,G,20230809 23:57:45,20230810 00:09:45,0,0,0,Clinton,Cottage Grove,41.88578,-87.73184,24,24
41160,G,20230809 23:58:01,20230810 00:16:01,0,0,0,Clinton,Harlem/Lake,41.82959,-87.62583,27,27
41160,Pink,20230809 23:58:02,20230810 00:24:02,0,0,0,Clinton,54th/Cermak,41.85445,-87.68127,15,15
41220,Red,20230809 23:58:20,20230810 00:01:20,0,0,0,Fullerton,Howard,41.9038,-87.63866,11,11
41220,Brn,20230809 23:58:14,20230810 00:10:14,0,0,0,Fullerton,Loop,41.96175,-87.67517,17,17
41220,Red,20230809 23:57:26,20230810 00:21:26,0,0,0,Fullerton,95th/Dan Ryan,42.00836,-87.66591,22,22
41220,Brn,20230809 23:58:06,20230810 00:23:06,0,0,0,Fullerton,Kimball,41.92505,-87.65287,15,15
41220,Red,20230809 23:58:02,20230810 00:28:02,0,0,0,Fullerton,Howard,41.78054,-87.631,71,71
41120,G,20230809 23:58:22,20230809 23:59:22,0,0,0,35th-Bronzeville-IIT,Harlem/Lake,41.82959,-87.62583,27,27
41120,G,20230809 23:57:50,20230809 23:58:50,0,0,0,35th-Bronzeville-IIT,Cottage Grove,41.83168,-87.62588,22,22
41120,G,20230809 23:58:22,20230810 00:13:22,0,0,0,35th-Bronzeville-IIT,Ashland/63rd,41.88572,-87.63415,10,10
41120,G,20230809 23:58:16,20230810 00:27:16,0,0,0,35th-Bronzeville-IIT,Cottage Grove,41.88541,-87.7254,22,22
41320,Brn,20230809 23:58:17,20230809 23:59:17,0,0,0,Belmont,Kimball,41.93975,-87.65338,14,14
41320,Red,20230809 23:58:20,20230810 00:04:20,0,0,0,Belmont,Howard,41.9038,-87.63866,11,11
41320,Brn,20230809 23:58:14,20230810 00:06:14,0,0,0,Belmont,Loop,41.96175,-87.67517,17,17
41320,Red,20230809 23:57:26,20230810 00:18:26,0,0,0,Belmont,95th/Dan Ryan,42.00836,-87.66591,22,22
41320,Brn,20230809 23:58:06,20230810 00:27:06,0,0,0,Belmont,Kimball,41.93981,-87.65338,14,14
41320,Red,20230809 23:58:02,20230810 00:30:02,0,0,0,Belmont,Howard,41.78054,-87.631,71,71
40820,Blue,20230809 23:57:58,20230810 00:01:58,0,0,0,Rosemont,O'Hare,41.98355,-87.8193,67,67
40820,Blue,20230809 23:55:29,20230810 00:15:29,0,0,0,Rosemont,O'Hare,41.93813,-87.71236,17,17
40820,Blue,20230809 23:58:21,20230810 00:22:21,0,0,0,Rosemont,O'Hare,41.91906,-87.69212,16,16
40820,Blue,20230809 23:58:01,20230810 00:32:01,0,0,0,Rosemont,O'Hare,41.8857,-87.63907,9,9
40960,Org,20230809 23:58:19,20230810 00:08:19,0,0,0,Pulaski,Midway,41.83428,-87.67302,21,21
40960,Org,20230809 23:58:19,20230810 00:17:19,0,0,0,Pulaski,Midway,41.86797,-87.62662,12,12
40960,Org,20230809 23:58:22,20230810 00:30:22,0,0,0,Pulaski,Midway,41.87692,-87.62793,11,11
41020,Blue,20230809 23:58:21,20230810 00:00:21,0,0,0,Logan Square,O'Hare,41.91906,-87.69212,16,16
41020,Blue,20230809 23:58:04,20230810 00:08:04,0,0,0,Logan Square,Forest Park,41.97063,-87.76089,60,60
41020,Blue,20230809 23:58:01,20230810 00:09:01,0,0,0,Logan Square,O'Hare,41.8857,-87.63907,9,9
40260,Brn,20230810 00:08:19,20230810 00:09:19,0,0,0,State/Lake,Kimball,41.88443,-87.62622,10,10
40260,G,20230810 00:08:17,20230810 00:13:17,0,0,0,State/Lake,Harlem/Lake,41.87268,-87.62677,13,13
40260,Pink,20230810 00:08:17,20230810 00:13:17,0,0,0,State/Lake,54th/Cermak,41.88542,-87.66207,17,17
40260,G,20230810 00:07:23,20230810 00:14:23,0,0,0,State/Lake,Cottage Grove,41.88482,-87.68058,17,17
40260,Org,20230810 00:08:19,20230810 00:20:19,0,0,0,State/Lake,Midway,41.86267,-87.62651,19,19
40260,G,20230810 00:08:18,20230810 00:26:18,0,0,0,State/Lake,Ashland/63rd,41.88692,-87.75087,21,21
40260,Pink,20230810 00:08:08,20230810 00:29:08,0,0,0,State/Lake,54th/Cermak,41.85382,-87.72988,15,14
40380,Blue,20230810 00:08:14,20230810 00:09:14,0,0,0,Clark/Lake,O'Hare,41.8851,-87.62946,10,10
40380,Blue,20230810 00:08:06,20230810 00:09:06,0,0,0,Clark/Lake,Forest Park,41.88571,-87.63641,15,15
40380,Brn,20230810 00:08:19,20230810 00:09:19,0,0,0,Clark/Lake,Kimball,41.88443,-87.62622,10,10
40380,Pink,20230810 00:08:17,20230810 00:12:17,0,0,0,Clark/Lake,54th/Cermak,41.88542,-87.66207,17,17
40380,G,20230810 00:08:17,20230810 00:13:17,0,0,0,Clark/Lake,Harlem/Lake,41.87268,-87.62677,13,13
40380,G,20230810 00:07:23,20230810 00:13:23,0,0,0,Clark/Lake,Cottage Grove,41.88482,-87.68058,17,17
40380,Org,20230810 00:08:19,20230810 00:19:19,0,0,0,Clark/Lake,Midway,41.86267,-87.62651,19,19
41700,G,20230810 00:08:17,20230810 00:11:17,0,0,0,Washington/Wabash,Harlem/Lake,41.87268,-87.62677,13,13
41700,Pink,20230810 00:08:17,20230810 00:14:17,0,0,0,Washington/Wabash,54th/Cermak,41.88542,-87.66207,17,17
41700,G,20230810 00:07:23,20230810 00:16:23,0,0,0,Washington/Wabash,Cottage Grove,41.88482,-87.68058,17,17
41700,Org,20230810 00:08:19,20230810 00:22:19,0,0,0,Washington/Wabash,Midway,41.86267,-87.62651,19,19
41700,G,20230810 00:08:18,20230810 00:27:18,0,0,0,Washington/Wabash,Ashland/63rd,41.88692,-87.75087,21,21
41700,Brn,20230810 00:08:21,20230810 00:29:21,0,0,0,Washington/Wabash,Kimball,41.93602,-87.65327,17,17
41700,G,20230810 00:08:10,20230810 00:31:10,0,0,0,Washington/Wabash,Harlem/Lake,41.78904,-87.61817,27,27
40680,G,20230810 00:08:17,20230810 00:10:17,0,0,0,Adams/Wabash,Harlem/Lake,41.87268,-87.62677,13,13
40680,Pink,20230810 00:08:17,20230810 00:15:17,0,0,0,Adams/Wabash,54th/Cermak,41.88542,-87.66207,17,17
40680,G,20230810 00:07:23,20230810 00:17:23,0,0,0,Adams/Wabash,Cottage Grove,41.88482,-87.68058,17,17
40680,Org,20230810 00:08:19,20230810 00:23:19,0,0,0,Adams/Wabash,Midway,41.86267,-87.62651,19,19
40680,Brn,20230810 00:08:21,20230810 00:28:21,0,0,0,Adams/Wabash,Kimball,41.93602,-87.65327,17,17
40680,G,20230810 00:08:18,20230810 00:28:18,0,0,0,Adams/Wabash,Ashland/63rd,41.88692,-87.75087,21,21
40680,G,20230810 00:08:10,20230810 00:31:10,0,0,0,Adams/Wabash,Harlem/Lake,41.78904,-87.61817,27,27
40850,Org,20230810 00:08:19,20230810 00:13:19,0,0,0,Harold Washington Library-State/Van Buren,Midway,41.86267,-87.62651,19,19
40850,Pink,20230810 00:08:17,20230810 00:17:17,0,0,0,Harold Washington Library-State/Van Buren,54th/Cermak,41.88542,-87.66207,17,17
40850,Brn,20230810 00:08:21,20230810 00:26:21,0,0,0,Harold Washington Library-State/Van Buren,Kimball,41.93602,-87.65327,17,17
40850,Org,20230810 00:08:21,20230810 00:29:21,0,0,0,Harold Washington Library-State/Van Buren,Midway,41.80381,-87.71499,21,21
40850,Pink,20230810 00:08:08,20230810 00:33:08,0,0,0,Harold Washington Library-State/Van Buren,54th/Cermak,41.85382,-87.72988,15,14
40160,Org,20230810 00:08:19,20230810 00:14:19,0,0,0,LaSalle/Van Buren,Midway,41.86267,-87.62651,19,19
40160,Pink,20230810 00:08:17,20230810 00:18:17,0,0,0,LaSalle/Van Buren,54th/Cermak,41.88542,-87.66207,17,17
40160,Brn,20230810 00:08:21,20230810 00:25:21,0,0,0,LaSalle/Van Buren,Kimball,41.93602,-87.65327,17,17
40160,Org,20230810 00:08:21,20230810 00:31:21,0,0,0,LaSalle/Van Buren,Midway,41.80381,-87.71499,21,21
40160,Pink,20230810 00:08:08,20230810 00:35:08,0,0,0,LaSalle/Van Buren,54th/Cermak,41.85382,-87.72988,15,14
40040,Org,20230810 00:08:19,20230810 00:16:19,0,0,0,Quincy,Midway,41.86267,-87.62651,19,19
40040,Pink,20230810 00:08:17,20230810 00:20:17,0,0,0,Quincy,54th/Cermak,41.88542,-87.66207,17,17
40040,Brn,20230810 00:08:21,20230810 00:24:21,0,0,0,Quincy,Kimball,41.93602,-87.65327,17,17
40040,Org,20230810 00:08:21,20230810 00:32:21,0,0,0,Quincy,Midway,41.80381,-87.71499,21,21
40040,Pink,20230810 00:08:08,20230810 00:36:08,0,0,0,Quincy,54th/Cermak,41.85382,-87.72988,15,14
40730,Org,20230810 00:08:19,20230810 00:17:19,0,0,0,Washington/Wells,Midway,41.86267,-87.62651,19,19
40730,Pink,20230810 00:08:17,20230810 00:21:17,0,0,0,Washington/Wells,54th/Cermak,41.88542,-87.66207,17,17
40730,Brn,20230810 00:08:21,20230810 00:23:21,0,0,0,Washington/Wells,Kimball,41.93602,-87.65327,17,17
40730,Org,20230810 00:08:21,20230810 00:33:21,0,0,0,Washington/Wells,Midway,41.80381,-87.71499,21,21
40730,Pink,20230810 00:08:08,20230810 00:37:08,0,0,0,Washington/Wells,54th/Cermak,41.85382,-87.72988,15,14
40460,Brn,20230810 00:08:19,20230810 00:11:19,0,0,0,Merchandise Mart,Kimball,41.88443,-87.62622,10,10
40460,Brn,20230810 00:08:21,20230810 00:21:21,0,0,0,Merchandise Mart,Loop,41.93602,-87.65327,17,17
40460,Brn,20230810 00:08:21,20230810 00:33:21,0,0,0,Merchandise Mart,Kimball,41.93602,-87.65327,17,17
40330,Red,20230810 00:08:19,20230810 00:17:19,0,0,0,Grand,Howard,41.85101,-87.63069,37,37
40330,Red,20230810 00:07:57,20230810 00:29:57,0,0,0,Grand,Howard,41.96427,-87.65759,13,13
41400,Org,20230810 00:08:19,20230810 00:09:19,0,0,0,Roosevelt,Loop,41.86267,-87.62651,19,19
41400,Org,20230810 00:08:16,20230810 00:10:16,0,0,0,Roosevelt,Midway,41.87752,-87.62604,11,11
41400,Red,20230810 00:08:19,20230810 00:10:19,0,0,0,Roosevelt,Howard,41.85101,-87.63069,37,37
41400,Red,20230810 00:08:05,20230810 00:11:05,0,0,0,Roosevelt,95th/Dan Ryan,41.88074,-87.6277,11,11
41400,G,20230810 00:07:23,20230810 00:21:23,0,0,0,Roosevelt,Cottage Grove,41.88482,-87.68058,17,17
41400,Org,20230810 00:08:21,20230810 00:25:21,0,0,0,Roosevelt,Loop,41.80381,-87.71499,21,21
41400,Org,20230810 00:08:19,20230810 00:26:19,0,0,0,Roosevelt,Midway,41.86267,-87.62651,19,19
41160,Pink,20230810 00:08:17,20230810 00:10:17,0,0,0,Clinton,Loop,41.88542,-87.66207,17,17
41160,G,20230810 00:07:23,20230810 00:11:23,0,0,0,Clinton,Cottage Grove,41.88482,-87.68058,17,17
41160,G,20230810 00:08:17,20230810 00:16:17,0,0,0,Clinton,Harlem/Lake,41.87268,-87.62677,13,13
41160,G,20230810 00:08:18,20230810 00:22:18,0,0,0,Clinton,Ashland/63rd,41.88692,-87.75087,21,21
41160,Pink,20230810 00:08:17,20230810 00:24:17,0,0,0,Clinton,54th/Cermak,41.88542,-87.66207,17,17
41160,Pink,20230810 00:08:08,20230810 00:26:08,0,0,0,Clinton,Loop,41.85382,-87.72988,15,14
41160,G,20230810 00:08:10,20230810 00:37:10,0,0,0,Clinton,Harlem/Lake,41.78904,-87.61817,27,27
41220,Brn,20230810 00:08:21,20230810 00:10:21,0,0,0,Fullerton,Loop,41.93602,-87.65327,17,17
41220,Red,20230810 00:07:57,20230810 00:19:57,0,0,0,Fullerton,Howard,41.96427,-87.65759,13,13
41220,Brn,20230810 00:08:19,20230810 00:23:19,0,0,0,Fullerton,Kimball,41.88443,-87.62622,10,10
41220,Red,20230810 00:08:19,20230810 00:26:19,0,0,0,Fullerton,Howard,41.85101,-87.63069,37,37
41220,Brn,20230810 00:08:21,20230810 00:45:21,0,0,0,Fullerton,Kimball,41.93602,-87.65327,17,17
41120,G,20230810 00:08:12,20230810 00:12:12,0,0,0,35th-Bronzeville-IIT,Ashland/63rd,41.85567,-87.62645,17,12
41120,G,20230810 00:08:10,20230810 00:19:10,0,0,0,35th-Bronzeville-IIT,Harlem/Lake,41.78904,-87.61817,27,27
41120,G,20230810 00:07:23,20230810 00:28:23,0,0,0,35th-Bronzeville-IIT,Cottage Grove,41.88482,-87.68058,17,17
41120,G,20230810 00:08:18,20230810 00:39:18,0,0,0,35th-Bronzeville-IIT,Ashland/63rd,41.88692,-87.75087,21,21
41320,Red,20230810 00:07:57,20230810 00:15:57,0,0,0,Belmont,Howard,41.96427,-87.65759,13,13
41320,Brn,20230810 00:08:19,20230810 00:27:19,0,0,0,Belmont,Kimball,41.88443,-87.62622,10,10
41320,Red,20230810 00:08:19,20230810 00:29:19,0,0,0,Belmont,Howard,41.85101,-87.63069,37,37
41320,Brn,20230810 00:08:21,20230810 00:49:21,0,0,0,Belmont,Kimball,41.93602,-87.65327,17,17
40820,Blue,20230810 00:08:21,20230810 00:21:21,0,0,0,Rosemont,O'Hare,41.95929,-87.74054,65,65
40820,Blue,20230810 00:08:13,20230810 00:26:13,0,0,0,Rosemont,O'Hare,41.94463,-87.7173,62,62
40820,Blue,20230810 00:08:22,20230810 00:31:22,0,0,0,Rosemont,O'Hare,41.92395,-87.70015,12,12
40820,Blue,20230810 00:08:14,20230810 00:44:14,0,0,0,Rosemont,O'Hare,41.8851,-87.62946,10,10
40960,Org,20230810 00:07:47,20230810 00:16:47,0,0,0,Pulaski,Midway,41.82949,-87.6807,18,18
40960,Org,20230810 00:08:16,20230810 00:29:16,0,0,0,Pulaski,Midway,41.87752,-87.62604,11,11
40960,Org,20230810 00:08:19,20230810 00:45:19,0,0,0,Pulaski,Midway,41.86267,-87.62651,19,19
40960,Org,20230810 00:08:21,20230810 01:01:21,0,0,0,Pulaski,Midway,41.80381,-87.71499,21,21
41020,Blue,20230810 00:08:22,20230810 00:09:22,0,0,0,Logan Square,O'Hare,41.92395,-87.70015,12,12
41020,Blue,20230810 00:08:14,20230810 00:21:14,0,0,0,Logan Square,O'Hare,41.8851,-87.62946,10,10
41020,Blue,20230810 00:08:01,20230810 00:25:01,0,0,0,Logan Square,Forest Park,41.98429,-87.83803,66,66
40260,Org,20230810 00:18:12,20230810 00:19:12,0,0,0,State/Lake,Midway,41.88573,-87.63274,11,11
40260,G,20230810 00:17:09,20230810 00:26:09,0,0,0,State/Lake,Ashland/63rd,41.88436,-87.69232,21,21
40260,Pink,20230810 00:18:04,20230810 00:30:04,0,0,0,State/Lake,54th/Cermak,41.85459,-87.67065,19,19
40260,G,20230810 00:18:16,20230810 00:31:16,0,0,0,State/Lake,Harlem/Lake,41.8349,-87.62593,22,22
40260,Org,20230810 00:18:18,20230810 00:35:18,0,0,0,State/Lake,Midway,41.84514,-87.65293,65,65
40260,G,20230810 00:17:47,20230810 00:47:47,0,0,0,State/Lake,Harlem/Lake,41.77903,-87.64424,22,22
40260,Brn,20230810 00:18:02,20230810 00:52:02,0,0,0,State/Lake,Kimball,41.96641,-87.67864,17,17
40380,Blue,20230810 00:18:20,20230810 00:19:20,0,0,0,Clark/Lake,O'Hare,41.88234,-87.62943,13,13
40380,Blue,20230810 00:18:21,20230810 00:20:21,0,0,0,Clark/Lake,Forest Park,41.89018,-87.64604,17,17
40380,Org,20230810 00:18:12,20230810 00:19:12,0,0,0,Clark/Lake,Midway,41.88573,-87.63274,11,11
40380,G,20230810 00:17:09,20230810 00:25:09,0,0,0,Clark/Lake,Ashland/63rd,41.88436,-87.69232,21,21
40380,Pink,20230810 00:18:04,20230810 00:29:04,0,0,0,Clark/Lake,54th/Cermak,41.85459,-87.67065,19,19
40380,G,20230810 00:18:16,20230810 00:32:16,0,0,0,Clark/Lake,Harlem/Lake,41.8349,-87.62593,22,22
40380,Org,20230810 00:18:18,20230810 00:33:18,0,0,0,Clark/Lake,Midway,41.84514,-87.65293,65,65
41700,G,20230810 00:18:13,20230810 00:19:13,0,0,0,Washington/Wabash,Cottage Grove,41.88443,-87.62622,10,10
41700,Org,20230810 00:18:12,20230810 00:21:12,0,0,0,Washington/Wabash,Midway,41.88573,-87.63274,11,11
41700,G,20230810 00:18:16,20230810 00:29:16,0,0,0,Washington/Wabash,Harlem/Lake,41.8349,-87.62593,22,22
41700,G,20230810 00:17:09,20230810 00:28:09,0,0,0,Washington/Wabash,Ashland/63rd,41.88436,-87.69232,21,21
41700,Pink,20230810 00:18:04,20230810 00:31:04,0,0,0,Washington/Wabash,54th/Cermak,41.85459,-87.67065,19,19
41700,Org,20230810 00:18:18,20230810 00:36:18,0,0,0,Washington/Wabash,Midway,41.84514,-87.65293,65,65
41700,G,20230810 00:17:47,20230810 00:45:47,0,0,0,Washington/Wabash,Harlem/Lake,41.77903,-87.64424,22,22
40680,G,20230810 00:18:27,20230810 00:19:27,0,0,0,Adams/Wabash,Cottage Grove,41.88442,-87.62622,10,10
40680,Org,20230810 00:18:36,20230810 00:21:36,0,0,0,Adams/Wabash,Midway,41.88574,-87.63181,16,11
40680,G,20230810 00:18:16,20230810 00:28:16,0,0,0,Adams/Wabash,Harlem/Lake,41.8349,-87.62593,22,22
40680,Brn,20230810 00:18:41,20230810 00:28:41,0,0,0,Adams/Wabash,Kimball,41.8795,-87.6261,10,10
40680,G,20230810 00:17:09,20230810 00:29:09,0,0,0,Adams/Wabash,Ashland/63rd,41.88436,-87.69232,21,21
40680,Pink,20230810 00:18:37,20230810 00:32:37,0,0,0,Adams/Wabash,54th/Cermak,41.85564,-87.66911,15,15
40680,Org,20230810 00:18:33,20230810 00:37:33,0,0,0,Adams/Wabash,Midway,41.8466,-87.64874,25,25
40850,Pink,20230810 00:18:31,20230810 00:19:31,0,0,0,Harold Washington Library-State/Van Buren,54th/Cermak,41.87851,-87.62606,11,11
40850,Brn,20230810 00:18:41,20230810 00:26:41,0,0,0,Harold Washington Library-State/Van Buren,Kimball,41.87691,-87.6282,11,11
40850,Org,20230810 00:18:33,20230810 00:28:33,0,0,0,Harold Washington Library-State/Van Buren,Midway,41.8466,-87.64874,25,25
40850,Pink,20230810 00:18:37,20230810 00:34:37,0,0,0,Harold Washington Library-State/Van Buren,54th/Cermak,41.85564,-87.66911,15,15
40850,Brn,20230810 00:18:02,20230810 00:48:02,0,0,0,Harold Washington Library-State/Van Buren,Kimball,41.96641,-87.67864,17,17
40160,Pink,20230810 00:18:31,20230810 00:20:31,0,0,0,LaSalle/Van Buren,54th/Cermak,41.87851,-87.62606,11,11
40160,Brn,20230810 00:18:41,20230810 00:25:41,0,0,0,LaSalle/Van Buren,Kimball,41.87686,-87.63174,14,14
40160,Org,20230810 00:18:33,20230810 00:29:33,0,0,0,LaSalle/Van Buren,Midway,41.8466,-87.64874,25,25
40160,Pink,20230810 00:18:37,20230810 00:35:37,0,0,0,LaSalle/Van Buren,54th/Cermak,41.85564,-87.66911,15,15
40160,Brn,20230810 00:18:02,20230810 00:47:02,0,0,0,LaSalle/Van Buren,Kimball,41.96641,-87.67864,17,17
40040,Pink,20230810 00:18:31,20230810 00:21:31,0,0,0,Quincy,54th/Cermak,41.87851,-87.62606,11,11
40040,Brn,20230810 00:18:41,20230810 00:23:41,0,0,0,Quincy,Kimball,41.87872,-87.63374,14,14
40040,Org,20230810 00:18:33,20230810 00:30:33,0,0,0,Quincy,Midway,41.8466,-87.64874,25,25
40040,Pink,20230810 00:18:37,20230810 00:36:37,0,0,0,Quincy,54th/Cermak,41.85564,-87.66911,15,15
40040,Brn,20230810 00:18:02,20230810 00:46:02,0,0,0,Quincy,Kimball,41.96641,-87.67864,17,17
40730,Pink,20230810 00:18:31,20230810 00:22:31,0,0,0,Washington/Wells,54th/Cermak,41.87851,-87.62606,11,11
40730,Brn,20230810 00:18:41,20230810 00:23:41,0,0,0,Washington/Wells,Kimball,41.88269,-87.63385,16,16
40730,Org,20230810 00:18:33,20230810 00:31:33,0,0,0,Washington/Wells,Midway,41.8466,-87.64874,25,25
40730,Pink,20230810 00:18:37,20230810 00:37:37,0,0,0,Washington/Wells,54th/Cermak,41.85564,-87.66911,15,15
40730,Brn,20230810 00:18:02,20230810 00:45:02,0,0,0,Washington/Wells,Kimball,41.96641,-87.67864,17,17
40460,Brn,20230810 00:18:41,20230810 00:21:41,0,0,0,Merchandise Mart,Loop,41.8903,-87.63548,15,15
40460,Brn,20230810 00:18:41,20230810 00:33:41,0,0,0,Merchandise Mart,Kimball,41.88897,-87.63397,14,14
40460,Brn,20230810 00:18:02,20230810 00:43:02,0,0,0,Merchandise Mart,Loop,41.96641,-87.67864,17,17
40460,Brn,20230810 00:18:02,20230810 00:55:02,0,0,0,Merchandise Mart,Kimball,41.96641,-87.67864,17,17
40330,Red,20230810 00:18:41,20230810 00:19:41,0,0,0,Grand,Howard,41.89029,-87.62799,10,10
40330,Red,20230810 00:18:32,20230810 00:28:32,0,0,0,Grand,95th/Dan Ryan,41.92916,-87.65298,17,17
41400,G,20230810 00:18:27,20230810 00:22:27,0,0,0,Roosevelt,Cottage Grove,41.88442,-87.62622,10,10
41400,Org,20230810 00:18:33,20230810 00:23:33,0,0,0,Roosevelt,Loop,41.8466,-87.64874,25,25
41400,G,20230810 00:18:16,20230810 00:25:16,0,0,0,Roosevelt,Harlem/Lake,41.8349,-87.62593,22,22
41400,Org,20230810 00:18:36,20230810 00:25:36,0,0,0,Roosevelt,Midway,41.88574,-87.63181,15,10
41400,G,20230810 00:17:09,20230810 00:32:09,0,0,0,Roosevelt,Ashland/63rd,41.88436,-87.69232,21,21
41400,Red,20230810 00:18:32,20230810 00:36:32,0,0,0,Roosevelt,95th/Dan Ryan,41.92916,-87.65298,17,17
41400,Org,20230810 00:18:33,20230810 00:40:33,0,0,0,Roosevelt,Midway,41.8466,-87.64874,25,25
41160,G,20230810 00:17:09,20230810 00:23:09,0,0,0,Clinton,Ashland/63rd,41.88436,-87.69232,21,21
41160,Pink,20230810 00:18:31,20230810 00:26:31,0,0,0,Clinton,54th/Cermak,41.87851,-87.62606,11,11
41160,Pink,20230810 00:18:37,20230810 00:26:37,0,0,0,Clinton,Loop,41.85564,-87.66911,15,15
41160,G,20230810 00:18:16,20230810 00:35:16,0,0,0,Clinton,Harlem/Lake,41.8349,-87.62593,22,22
41160,Pink,20230810 00:18:37,20230810 00:41:37,0,0,0,Clinton,54th/Cermak,41.85564,-87.66911,15,15
41160,G,20230810 00:17:47,20230810 00:51:47,0,0,0,Clinton,Harlem/Lake,41.77903,-87.64424,22,22
41220,Red,20230810 00:18:32,20230810 00:19:32,0,0,0,Fullerton,95th/Dan Ryan,41.92916,-87.65298,17,17
41220,Brn,20230810 00:18:28,20230810 00:23:28,0,0,0,Fullerton,Kimball,41.91037,-87.64324,17,17
41220,Red,20230810 00:18:41,20230810 00:26:41,0,0,0,Fullerton,Howard,41.89029,-87.62799,10,10
41220,Brn,20230810 00:18:02,20230810 00:32:02,0,0,0,Fullerton,Loop,41.96641,-87.67864,17,17
41220,Brn,20230810 00:18:41,20230810 00:45:41,0,0,0,Fullerton,Kimball,41.92505,-87.65287,15,15
41120,G,20230810 00:18:27,20230810 00:30:27,0,0,0,35th-Bronzeville-IIT,Cottage Grove,41.88442,-87.62622,10,10
41120,G,20230810 00:17:47,20230810 00:33:47,0,0,0,35th-Bronzeville-IIT,Harlem/Lake,41.77903,-87.64424,22,22
41120,G,20230810 00:17:09,20230810 00:39:09,0,0,0,35th-Bronzeville-IIT,Ashland/63rd,41.88436,-87.69232,21,21
41320,Brn,20230810 00:18:28,20230810 00:26:28,0,0,0,Belmont,Kimball,41.91037,-87.64324,17,17
41320,Brn,20230810 00:18:02,20230810 00:28:02,0,0,0,Belmont,Loop,41.96641,-87.67864,17,17
41320,Red,20230810 00:18:41,20230810 00:29:41,0,0,0,Belmont,Howard,41.89029,-87.62799,10,10
41320,Brn,20230810 00:18:41,20230810 00:49:41,0,0,0,Belmont,Kimball,41.93981,-87.65338,14,14
40820,Blue,20230810 00:18:33,20230810 00:19:33,0,0,0,Rosemont,Forest Park,41.98351,-87.85939,57,57
40820,Blue,20230810 00:18:36,20230810 00:21:36,0,0,0,Rosemont,O'Hare,41.98351,-87.85939,57,57
40820,Blue,20230810 00:18:34,20230810 00:26:34,0,0,0,Rosemont,O'Hare,41.9758,-87.77222,27,27
40820,Blue,20230810 00:18:13,20230810 00:31:13,0,0,0,Rosemont,O'Hare,41.96149,-87.74362,64,64
40820,Blue,20230810 00:18:39,20230810 00:44:39,0,0,0,Rosemont,O'Hare,41.91401,-87.68404,16,16
40820,Blue,20230810 00:18:28,20230810 00:54:28,0,0,0,Rosemont,O'Hare,41.88316,-87.62944,13,13
40960,Org,20230810 00:18:29,20230810 00:29:29,0,0,0,Pulaski,Midway,41.83794,-87.66777,19,19
40960,Org,20230810 00:18:36,20230810 00:44:36,0,0,0,Pulaski,Midway,41.88574,-87.63181,15,10
40960,Org,20230810 00:18:33,20230810 00:59:33,0,0,0,Pulaski,Midway,41.8466,-87.64874,25,25
41020,Blue,20230810 00:18:39,20230810 00:21:39,0,0,0,Logan Square,O'Hare,41.91401,-87.68404,16,16
41020,Blue,20230810 00:18:30,20230810 00:24:30,0,0,0,Logan Square,Forest Park,41.95813,-87.73849,65,65
41020,Blue,20230810 00:18:28,20230810 00:32:28,0,0,0,Logan Square,O'Hare,41.88316,-87.62944,13,13
41020,Blue,20230810 00:18:33,20230810 00:39:33,0,0,0,Logan Square,Forest Park,41.92973,-87.70854,19,19
40260,G,20230810 00:28:33,20230810 00:29:33,0,0,0,State/Lake,Ashland/63rd,41.88574,-87.63089,16,16
40260,Pink,20230810 00:28:27,20230810 00:30:27,0,0,0,State/Lake,54th/Cermak,41.8857,-87.64069,16,16
40260,G,20230810 00:28:14,20230810 00:31:14,0,0,0,State/Lake,Harlem/Lake,41.87635,-87.62601,13,13
40260,Brn,20230810 00:28:30,20230810 00:31:30,0,0,0,State/Lake,Kimball,41.87775,-87.62605,11,11
40260,Org,20230810 00:28:09,20230810 00:33:09,0,0,0,State/Lake,Midway,41.87697,-87.63365,17,14
40260,G,20230810 00:28:26,20230810 00:47:26,0,0,0,State/Lake,Harlem/Lake,41.81646,-87.61904,19,19
40260,Pink,20230810 00:28:34,20230810 00:49:34,0,0,0,State/Lake,54th/Cermak,41.85382,-87.72988,15,15
40380,Pink,20230810 00:28:27,20230810 00:30:27,0,0,0,Clark/Lake,54th/Cermak,41.8857,-87.64069,16,16
40380,Brn,20230810 00:28:30,20230810 00:31:30,0,0,0,Clark/Lake,Kimball,41.87775,-87.62605,11,11
40380,G,20230810 00:28:14,20230810 00:32:14,0,0,0,Clark/Lake,Harlem/Lake,41.87635,-87.62601,13,13
40380,Org,20230810 00:28:09,20230810 00:32:09,0,0,0,Clark/Lake,Midway,41.87697,-87.63365,17,14
40380,Blue,20230810 00:28:40,20230810 00:39:40,0,0,0,Clark/Lake,Forest Park,41.91637,-87.68771,24,24
40380,G,20230810 00:28:26,20230810 00:47:26,0,0,0,Clark/Lake,Harlem/Lake,41.81646,-87.61904,19,19
41700,G,20230810 00:28:14,20230810 00:30:14,0,0,0,Washington/Wabash,Harlem/Lake,41.87635,-87.62601,13,13
41700,Brn,20230810 00:28:30,20230810 00:29:30,0,0,0,Washington/Wabash,Kimball,41.87775,-87.62605,11,11
41700,G,20230810 00:28:33,20230810 00:30:33,0,0,0,Washington/Wabash,Ashland/63rd,41.88574,-87.63089,16,16
41700,Pink,20230810 00:28:27,20230810 00:32:27,0,0,0,Washington/Wabash,54th/Cermak,41.8857,-87.64069,16,16
41700,Org,20230810 00:28:09,20230810 00:35:09,0,0,0,Washington/Wabash,Midway,41.87697,-87.63365,17,14
41700,G,20230810 00:28:26,20230810 00:45:26,0,0,0,Washington/Wabash,Harlem/Lake,41.81646,-87.61904,19,19
41700,Brn,20230810 00:28:23,20230810 00:50:23,0,0,0,Washington/Wabash,Kimball,41.93975,-87.65338,14,14
40680,G,20230810 00:28:14,20230810 00:29:14,0,0,0,Adams/Wabash,Harlem/Lake,41.87635,-87.62601,13,13
40680,Brn,20230810 00:28:30,20230810 00:29:30,0,0,0,Adams/Wabash,Kimball,41.87775,-87.62605,11,11
40680,G,20230810 00:28:33,20230810 00:31:33,0,0,0,Adams/Wabash,Ashland/63rd,41.88574,-87.63089,16,16
40680,Pink,20230810 00:28:27,20230810 00:33:27,0,0,0,Adams/Wabash,54th/Cermak,41.8857,-87.64069,16,16
40680,Org,20230810 00:28:09,20230810 00:36:09,0,0,0,Adams/Wabash,Midway,41.87697,-87.63365,17,14
40680,G,20230810 00:28:26,20230810 00:44:26,0,0,0,Adams/Wabash,Harlem/Lake,41.81646,-87.61904,19,19
40680,Brn,20230810 00:28:23,20230810 00:50:23,0,0,0,Adams/Wabash,Kimball,41.93975,-87.65338,14,14
40850,Pink,20230810 00:28:27,20230810 00:35:27,0,0,0,Harold Washington Library-State/Van Buren,54th/Cermak,41.8857,-87.64069,16,16
40850,Org,20230810 00:28:37,20230810 00:47:37,0,0,0,Harold Washington Library-State/Van Buren,Midway,41.8044,-87.70116,24,24
40850,Brn,20230810 00:28:23,20230810 00:48:23,0,0,0,Harold Washington Library-State/Van Buren,Kimball,41.93975,-87.65338,14,14
40850,Pink,20230810 00:28:34,20230810 00:53:34,0,0,0,Harold Washington Library-State/Van Buren,54th/Cermak,41.85382,-87.72988,15,15
40160,Pink,20230810 00:28:27,20230810 00:36:27,0,0,0,LaSalle/Van Buren,54th/Cermak,41.8857,-87.64069,16,16
40160,Brn,20230810 00:28:23,20230810 00:47:23,0,0,0,LaSalle/Van Buren,Kimball,41.93975,-87.65338,14,14
40160,Org,20230810 00:28:37,20230810 00:48:37,0,0,0,LaSalle/Van Buren,Midway,41.8044,-87.70116,24,24
40160,Pink,20230810 00:28:34,20230810 00:54:34,0,0,0,LaSalle/Van Buren,54th/Cermak,41.85382,-87.72988,15,15
40040,Org,20230810 00:28:09,20230810 00:29:09,0,0,0,Quincy,Midway,41.87697,-87.63365,17,14
40040,Pink,20230810 00:28:27,20230810 00:37:27,0,0,0,Quincy,54th/Cermak,41.8857,-87.64069,16,16
40040,Brn,20230810 00:28:23,20230810 00:45:23,0,0,0,Quincy,Kimball,41.93975,-87.65338,14,14
40040,Org,20230810 00:28:37,20230810 00:50:37,0,0,0,Quincy,Midway,41.8044,-87.70116,24,24
40040,Pink,20230810 00:28:34,20230810 00:56:34,0,0,0,Quincy,54th/Cermak,41.85382,-87.72988,15,15
40730,Org,20230810 00:28:09,20230810 00:30:09,0,0,0,Washington/Wells,Midway,41.87697,-87.63365,17,14
40730,Pink,20230810 00:28:27,20230810 00:39:27,0,0,0,Washington/Wells,54th/Cermak,41.8857,-87.64069,16,16
40730,Brn,20230810 00:28:23,20230810 00:45:23,0,0,0,Washington/Wells,Kimball,41.93975,-87.65338,14,14
40730,Org,20230810 00:28:37,20230810 00:51:37,0,0,0,Washington/Wells,Midway,41.8044,-87.70116,24,24
40730,Pink,20230810 00:28:34,20230810 00:57:34,0,0,0,Washington/Wells,54th/Cermak,41.85382,-87.72988,15,15
40460,Brn,20230810 00:28:30,20230810 00:33:30,0,0,0,Merchandise Mart,Kimball,41.87775,-87.62605,11,11
40460,Brn,20230810 00:28:23,20230810 00:43:23,0,0,0,Merchandise Mart,Loop,41.93975,-87.65338,14,14
40460,Brn,20230810 00:28:23,20230810 00:55:23,0,0,0,Merchandise Mart,Kimball,41.93975,-87.65338,14,14
40330,Red,20230810 00:24:16,20230810 00:27:16,0,0,1,Grand,95th/Dan Ryan,41.90392,-87.63141,7,7
40330,Red,20230810 00:28:26,20230810 00:54:26,0,0,0,Grand,Howard,41.89166,-87.62802,12,12
40330,Red,20230810 00:27:50,20230810 00:54:50,0,0,0,Grand,Howard,41.74782,-87.6251,69,69
41400,G,20230810 00:28:33,20230810 00:35:33,0,0,0,Roosevelt,Ashland/63rd,41.88574,-87.63089,16,16
41400,Org,20230810 00:28:09,20230810 00:39:09,0,0,0,Roosevelt,Midway,41.87697,-87.63365,17,14
41400,Red,20230810 00:24:16,20230810 00:35:16,0,0,1,Roosevelt,95th/Dan Ryan,41.90392,-87.63141,7,7
41400,G,20230810 00:28:26,20230810 00:41:26,0,0,0,Roosevelt,Harlem/Lake,41.81646,-87.61904,19,19
41400,Org,20230810 00:28:37,20230810 00:43:37,0,0,0,Roosevelt,Loop,41.8044,-87.70116,24,24
41400,Red,20230810 00:27:50,20230810 00:47:50,0,0,0,Roosevelt,Howard,41.74782,-87.6251,69,69
41400,G,20230810 00:28:20,20230810 01:00:20,0,0,0,Roosevelt,Ashland/63rd,41.88692,-87.79848,19,19
41160,G,20230810 00:28:14,20230810 00:35:14,0,0,0,Clinton,Harlem/Lake,41.87635,-87.62601,13,13
41160,Pink,20230810 00:28:27,20230810 00:42:27,0,0,0,Clinton,54th/Cermak,41.8857,-87.64069,16,16
41160,Pink,20230810 00:28:34,20230810 00:46:34,0,0,0,Clinton,Loop,41.85382,-87.72988,15,15
41160,G,20230810 00:28:26,20230810 00:50:26,0,0,0,Clinton,Harlem/Lake,41.81646,-87.61904,19,19
41160,G,20230810 00:28:20,20230810 00:50:20,0,0,0,Clinton,Ashland/63rd,41.88692,-87.79848,19,19
41160,Pink,20230810 00:28:34,20230810 01:00:34,0,0,0,Clinton,54th/Cermak,41.85382,-87.72988,15,15
41220,Brn,20230810 00:28:23,20230810 00:32:23,0,0,0,Fullerton,Loop,41.93975,-87.65338,14,14
41220,Brn,20230810 00:28:30,20230810 00:45:30,0,0,0,Fullerton,Kimball,41.87775,-87.62605,11,11
41220,Red,20230810 00:28:26,20230810 00:45:26,0,0,0,Fullerton,Howard,41.92505,-87.65287,15,15
41220,Red,20230810 00:27:50,20230810 01:03:50,0,0,0,Fullerton,Howard,41.74782,-87.6251,69,69
41220,Brn,20230810 00:28:23,20230810 01:07:23,0,0,0,Fullerton,Kimball,41.93975,-87.65338,14,14
41120,G,20230810 00:28:24,20230810 00:29:24,0,0,0,35th-Bronzeville-IIT,Cottage Grove,41.83168,-87.62588,22,22
41120,G,20230810 00:28:26,20230810 00:33:26,0,0,0,35th-Bronzeville-IIT,Harlem/Lake,41.81646,-87.61904,19,19
41120,G,20230810 00:28:33,20230810 00:42:33,0,0,0,35th-Bronzeville-IIT,Ashland/63rd,41.88574,-87.63089,16,16
41120,G,20230810 00:28:20,20230810 01:07:20,0,0,0,35th-Bronzeville-IIT,Ashland/63rd,41.88692,-87.79848,19,19
41320,Red,20230810 00:28:28,20230810 00:30:28,0,0,0,Belmont,Howard,41.92505,-87.65287,15,15
41320,Red,20230810 00:28:26,20230810 00:41:26,0,0,0,Belmont,Howard,41.93739,-87.65332,14,14
41320,Brn,20230810 00:28:30,20230810 00:49:30,0,0,0,Belmont,Kimball,41.87775,-87.62605,11,11
41320,Red,20230810 00:27:50,20230810 01:05:50,0,0,0,Belmont,Howard,41.74782,-87.6251,69,69
41320,Brn,20230810 00:28:23,20230810 01:11:23,0,0,0,Belmont,Kimball,41.93975,-87.65338,14,14
40820,Blue,20230810 00:28:25,20230810 00:31:25,0,0,0,Rosemont,O'Hare,41.98429,-87.83803,66,66
40820,Blue,20230810 00:28:40,20230810 00:43:40,0,0,0,Rosemont,O'Hare,41.95368,-87.73049,22,22
40820,Blue,20230810 00:29:02,20230810 00:55:02,0,0,0,Rosemont,O'Hare,41.91186,-87.68072,16,16
40960,Org,20230810 00:28:48,20230810 00:43:48,0,0,0,Pulaski,Midway,41.85575,-87.63499,21,21
40960,Org,20230810 00:28:58,20230810 00:57:58,0,0,0,Pulaski,Midway,41.87734,-87.63369,13,11
40960,Org,20230810 00:28:49,20230810 01:19:49,0,0,0,Pulaski,Midway,41.80447,-87.69736,18,18
41020,Blue,20230810 00:29:02,20230810 00:33:02,0,0,0,Logan Square,O'Hare,41.91186,-87.68072,16,16
41020,Blue,20230810 00:28:47,20230810 00:39:47,0,0,0,Logan Square,Forest Park,41.9715,-87.76388,22,22
40260,G,20230810 00:38:53,20230810 00:45:53,0,0,0,State/Lake,Harlem/Lake,41.86267,-87.62651,19,19
40260,Pink,20230810 00:38:51,20230810 00:49:51,0,0,0,State/Lake,54th/Cermak,41.85564,-87.66911,14,10
40260,Brn,20230810 00:38:47,20230810 00:51:47,0,0,0,State/Lake,Kimball,41.88574,-87.62783,11,11
40260,G,20230810 00:38:52,20230810 00:52:52,0,0,0,State/Lake,Ashland/63rd,41.88516,-87.72096,22,22
40260,Org,20230810 00:39:00,20230810 00:54:00,0,0,0,State/Lake,Midway,41.84869,-87.64323,45,45
40260,G,20230810 00:38:48,20230810 01:05:48,0,0,0,State/Lake,Harlem/Lake,41.78441,-87.61801,18,18
40260,Org,20230810 00:38:10,20230810 01:08:10,0,0,0,State/Lake,Midway,41.79986,-87.72453,20,20
40380,G,20230810 00:38:53,20230810 00:46:53,0,0,0,Clark/Lake,Harlem/Lake,41.86267,-87.62651,19,19
40380,Pink,20230810 00:38:51,20230810 00:48:51,0,0,0,Clark/Lake,54th/Cermak,41.85564,-87.66911,14,10
40380,G,20230810 00:38:52,20230810 00:51:52,0,0,0,Clark/Lake,Ashland/63rd,41.88516,-87.72096,22,22
40380,Brn,20230810 00:38:47,20230810 00:52:47,0,0,0,Clark/Lake,Kimball,41.88574,-87.63089,16,12
40380,Org,20230810 00:39:00,20230810 00:53:00,0,0,0,Clark/Lake,Midway,41.84869,-87.64323,45,45
40380,Blue,20230810 00:38:46,20230810 00:54:46,0,0,0,Clark/Lake,Forest Park,41.92973,-87.70854,19,19
41700,G,20230810 00:38:53,20230810 00:43:53,0,0,0,Washington/Wabash,Harlem/Lake,41.86267,-87.62651,19,19
41700,Brn,20230810 00:38:47,20230810 00:50:47,0,0,0,Washington/Wabash,Kimball,41.88202,-87.62616,11,11
41700,Pink,20230810 00:38:51,20230810 00:51:51,0,0,0,Washington/Wabash,54th/Cermak,41.85564,-87.66911,14,10
41700,G,20230810 00:38:52,20230810 00:54:52,0,0,0,Washington/Wabash,Ashland/63rd,41.88516,-87.72096,22,22
41700,Org,20230810 00:39:00,20230810 00:55:00,0,0,0,Washington/Wabash,Midway,41.84869,-87.64323,45,45
41700,G,20230810 00:38:48,20230810 01:03:48,0,0,0,Washington/Wabash,Harlem/Lake,41.78441,-87.61801,18,18
41700,Brn,20230810 00:38:31,20230810 01:08:31,0,0,0,Washington/Wabash,Kimball,41.95813,-87.67506,19,19
40680,G,20230810 00:38:53,20230810 00:42:53,0,0,0,Adams/Wabash,Harlem/Lake,41.86267,-87.62651,19,19
40680,Brn,20230810 00:38:47,20230810 00:49:47,0,0,0,Adams/Wabash,Kimball,41.8795,-87.6261,10,10
40680,Pink,20230810 00:38:51,20230810 00:52:51,0,0,0,Adams/Wabash,54th/Cermak,41.85564,-87.66911,14,10
40680,G,20230810 00:38:52,20230810 00:55:52,0,0,0,Adams/Wabash,Ashland/63rd,41.88516,-87.72096,22,22
40680,Org,20230810 00:39:00,20230810 00:56:00,0,0,0,Adams/Wabash,Midway,41.84869,-87.64323,45,45
40680,G,20230810 00:38:48,20230810 01:02:48,0,0,0,Adams/Wabash,Harlem/Lake,41.78441,-87.61801,18,18
40680,Brn,20230810 00:38:31,20230810 01:07:31,0,0,0,Adams/Wabash,Kimball,41.95813,-87.67506,19,19
40850,Org,20230810 00:39:00,20230810 00:47:00,0,0,0,Harold Washington Library-State/Van Buren,Midway,41.84869,-87.64323,45,45
40850,Brn,20230810 00:38:47,20230810 00:47:47,0,0,0,Harold Washington Library-State/Van Buren,Kimball,41.87691,-87.6282,11,11
40850,Pink,20230810 00:38:51,20230810 00:53:51,0,0,0,Harold Washington Library-State/Van Buren,54th/Cermak,41.85564,-87.66911,14,10
40850,Org,20230810 00:38:10,20230810 01:01:10,0,0,0,Harold Washington Library-State/Van Buren,Midway,41.79986,-87.72453,20,20
40850,Brn,20230810 00:38:31,20230810 01:05:31,0,0,0,Harold Washington Library-State/Van Buren,Kimball,41.95813,-87.67506,19,19
40160,Brn,20230810 00:38:47,20230810 00:46:47,0,0,0,LaSalle/Van Buren,Kimball,41.87686,-87.63174,14,14
40160,Org,20230810 00:39:00,20230810 00:48:00,0,0,0,LaSalle/Van Buren,Midway,41.84869,-87.64323,45,45
40160,Pink,20230810 00:38:51,20230810 00:55:51,0,0,0,LaSalle/Van Buren,54th/Cermak,41.85564,-87.66911,14,10
40160,Org,20230810 00:38:10,20230810 01:02:10,0,0,0,LaSalle/Van Buren,Midway,41.79986,-87.72453,20,20
40160,Brn,20230810 00:38:31,20230810 01:04:31,0,0,0,LaSalle/Van Buren,Kimball,41.95813,-87.67506,19,19
40040,Brn,20230810 00:38:47,20230810 00:44:47,0,0,0,Quincy,Kimball,41.87872,-87.63374,14,11
40040,Org,20230810 00:39:00,20230810 00:50:00,0,0,0,Quincy,Midway,41.84869,-87.64323,45,45
40040,Pink,20230810 00:38:51,20230810 00:56:51,0,0,0,Quincy,54th/Cermak,41.85564,-87.66911,14,10
40040,Brn,20230810 00:38:31,20230810 01:03:31,0,0,0,Quincy,Kimball,41.95813,-87.67506,19,19
40040,Org,20230810 00:38:10,20230810 01:03:10,0,0,0,Quincy,Midway,41.79986,-87.72453,20,20
40730,Pink,20230810 00:39:00,20230810 00:40:00,0,0,0,Washington/Wells,54th/Cermak,41.88018,-87.63378,11,11
40730,Brn,20230810 00:38:47,20230810 00:44:47,0,0,0,Washington/Wells,Kimball,41.88269,-87.63385,16,16
40730,Org,20230810 00:39:00,20230810 00:51:00,0,0,0,Washington/Wells,Midway,41.84869,-87.64323,45,45
40730,Pink,20230810 00:38:51,20230810 00:57:51,0,0,0,Washington/Wells,54th/Cermak,41.85564,-87.66911,14,10
40730,Brn,20230810 00:38:31,20230810 01:02:31,0,0,0,Washington/Wells,Kimball,41.95813,-87.67506,19,19
40730,Org,20230810 00:38:10,20230810 01:05:10,0,0,0,Washington/Wells,Midway,41.79986,-87.72453,20,20
40460,Brn,20230810 00:38:47,20230810 00:42:47,0,0,0,Merchandise Mart,Loop,41.8903,-87.63548,15,15
40460,Brn,20230810 00:38:47,20230810 00:54:47,0,0,0,Merchandise Mart,Kimball,41.88897,-87.63397,14,14
40460,Brn,20230810 00:38:31,20230810 01:00:31,0,0,0,Merchandise Mart,Loop,41.95813,-87.67506,19,19
40460,Brn,20230810 00:38:31,20230810 01:13:31,0,0,0,Merchandise Mart,Kimball,41.95813,-87.67506,19,19
40330,Red,20230810 00:38:49,20230810 00:54:49,0,0,0,Grand,95th/Dan Ryan,41.952,-87.65366,15,15
40330,Red,20230810 00:38:51,20230810 01:01:51,0,0,0,Grand,Howard,41.76836,-87.62581,69,69
41400,G,20230810 00:38:53,20230810 00:39:53,0,0,0,Roosevelt,Harlem/Lake,41.86267,-87.62651,19,19
41400,Org,20230810 00:39:00,20230810 00:43:00,0,0,0,Roosevelt,Loop,41.84869,-87.64323,45,45
41400,Red,20230810 00:38:51,20230810 00:55:51,0,0,0,Roosevelt,Howard,41.76836,-87.62581,69,69
41400,Org,20230810 00:38:10,20230810 00:57:10,0,0,0,Roosevelt,Loop,41.79986,-87.72453,20,20
41400,G,20230810 00:38:52,20230810 00:58:52,0,0,0,Roosevelt,Ashland/63rd,41.88516,-87.72096,22,22
41400,G,20230810 00:38:48,20230810 00:59:48,0,0,0,Roosevelt,Harlem/Lake,41.78441,-87.61801,18,18
41400,Org,20230810 00:39:00,20230810 01:00:00,0,0,0,Roosevelt,Midway,41.84869,-87.64323,45,45
41160,Pink,20230810 00:39:00,20230810 00:42:00,0,0,0,Clinton,54th/Cermak,41.88018,-87.63378,11,11
41160,Pink,20230810 00:38:51,20230810 00:46:51,0,0,0,Clinton,Loop,41.85564,-87.66911,15,10
41160,G,20230810 00:38:53,20230810 00:49:53,0,0,0,Clinton,Harlem/Lake,41.86267,-87.62651,19,19
41160,G,20230810 00:38:52,20230810 00:49:52,0,0,0,Clinton,Ashland/63rd,41.88516,-87.72096,22,22
41160,Pink,20230810 00:38:51,20230810 01:01:51,0,0,0,Clinton,54th/Cermak,41.85564,-87.66911,15,10
41160,G,20230810 00:38:48,20230810 01:09:48,0,0,0,Clinton,Harlem/Lake,41.78441,-87.61801,18,18
41220,Brn,20230810 00:38:57,20230810 00:44:57,0,0,0,Fullerton,Kimball,41.90563,-87.63712,14,14
41220,Red,20230810 00:38:49,20230810 00:45:49,0,0,0,Fullerton,95th/Dan Ryan,41.952,-87.65366,15,15
41220,Brn,20230810 00:38:31,20230810 00:49:31,0,0,0,Fullerton,Loop,41.95813,-87.67506,19,19
41220,Brn,20230810 00:38:47,20230810 01:06:47,0,0,0,Fullerton,Kimball,41.92505,-87.65287,15,15
41220,Red,20230810 00:38:51,20230810 01:11:51,0,0,0,Fullerton,Howard,41.76836,-87.62581,69,69
41120,G,20230810 00:38:50,20230810 00:41:50,0,0,0,35th-Bronzeville-IIT,Ashland/63rd,41.83168,-87.62588,22,22
41120,G,20230810 00:38:48,20230810 00:51:48,0,0,0,35th-Bronzeville-IIT,Harlem/Lake,41.78441,-87.61801,18,18
41120,G,20230810 00:38:52,20230810 01:05:52,0,0,0,35th-Bronzeville-IIT,Ashland/63rd,41.88516,-87.72096,22,22
41320,Red,20230810 00:38:49,20230810 00:41:49,0,0,0,Belmont,95th/Dan Ryan,41.952,-87.65366,15,15
41320,Brn,20230810 00:38:31,20230810 00:45:31,0,0,0,Belmont,Loop,41.95813,-87.67506,19,19
41320,Brn,20230810 00:38:57,20230810 00:48:57,0,0,0,Belmont,Kimball,41.90563,-87.63712,14,14
41320,Brn,20230810 00:38:47,20230810 01:10:47,0,0,0,Belmont,Kimball,41.93981,-87.65338,14,14
41320,Red,20230810 00:38:51,20230810 01:13:51,0,0,0,Belmont,Howard,41.76836,-87.62581,69,69
40820,Blue,20230810 00:38:50,20230810 00:43:50,0,0,0,Rosemont,O'Hare,41.98351,-87.85939,57,57
40260,G,20230810 00:39:54,20230810 00:45:54,0,0,0,State/Lake,Harlem/Lake,41.86744,-87.62659,12,12
40260,Pink,20230810 00:40:07,20230810 00:50:07,0,0,0,State/Lake,54th/Cermak,41.86004,-87.66921,24,24
40260,Brn,20230810 00:40:14,20230810 00:52:14,0,0,0,State/Lake,Kimball,41.88574,-87.62783,11,11
40260,G,20230810 00:39:32,20230810 00:52:32,0,0,0,State/Lake,Ashland/63rd,41.8849,-87.71652,22,22
40260,Org,20230810 00:40:16,20230810 00:53:16,0,0,0,State/Lake,Midway,41.85767,-87.62883,22,22
40260,G,20230810 00:40:05,20230810 01:04:05,0,0,0,State/Lake,Harlem/Lake,41.79125,-87.61822,27,27
40260,Org,20230810 00:40:17,20230810 01:07:17,0,0,0,State/Lake,Midway,41.80433,-87.7067,24,24
40380,G,20230810 00:39:54,20230810 00:45:54,0,0,0,Clark/Lake,Harlem/Lake,41.86744,-87.62659,12,12
40380,Pink,20230810 00:40:07,20230810 00:49:07,0,0,0,Clark/Lake,54th/Cermak,41.86004,-87.66921,24,24
40380,G,20230810 00:39:32,20230810 00:51:32,0,0,0,Clark/Lake,Ashland/63rd,41.8849,-87.71652,22,22
40380,Org,20230810 00:40:16,20230810 00:52:16,0,0,0,Clark/Lake,Midway,41.85767,-87.62883,22,22
40380,Brn,20230810 00:40:14,20230810 00:53:14,0,0,0,Clark/Lake,Kimball,41.88574,-87.63089,16,16
40380,Blue,20230810 00:40:06,20230810 00:54:06,0,0,0,Clark/Lake,Forest Park,41.92528,-87.70238,15,12
41700,G,20230810 00:39:54,20230810 00:43:54,0,0,0,Washington/Wabash,Harlem/Lake,41.86744,-87.62659,12,12
41700,Brn,20230810 00:40:14,20230810 00:50:14,0,0,0,Washington/Wabash,Kimball,41.88202,-87.62616,11,11
41700,Pink,20230810 00:40:07,20230810 00:52:07,0,0,0,Washington/Wabash,54th/Cermak,41.86004,-87.66921,24,24
41700,G,20230810 00:39:32,20230810 00:54:32,0,0,0,Washington/Wabash,Ashland/63rd,41.8849,-87.71652,22,22
41700,Org,20230810 00:40:16,20230810 00:55:16,0,0,0,Washington/Wabash,Midway,41.85767,-87.62883,22,22
41700,G,20230810 00:40:05,20230810 01:02:05,0,0,0,Washington/Wabash,Harlem/Lake,41.79125,-87.61822,27,27
41700,Brn,20230810 00:39:52,20230810 01:08:52,0,0,0,Washington/Wabash,Kimball,41.95376,-87.6749,20,20
40680,G,20230810 00:39:54,20230810 00:42:54,0,0,0,Adams/Wabash,Harlem/Lake,41.86744,-87.62659,12,12
40680,Brn,20230810 00:40:14,20230810 00:49:14,0,0,0,Adams/Wabash,Kimball,41.8795,-87.6261,10,10
40680,Pink,20230810 00:40:07,20230810 00:53:07,0,0,0,Adams/Wabash,54th/Cermak,41.86004,-87.66921,24,24
40680,G,20230810 00:39:32,20230810 00:55:32,0,0,0,Adams/Wabash,Ashland/63rd,41.8849,-87.71652,22,22
40680,Org,20230810 00:40:16,20230810 00:56:16,0,0,0,Adams/Wabash,Midway,41.85767,-87.62883,22,22
40680,G,20230810 00:40:05,20230810 01:02:05,0,0,0,Adams/Wabash,Harlem/Lake,41.79125,-87.61822,27,27
40680,Brn,20230810 00:39:52,20230810 01:07:52,0,0,0,Adams/Wabash,Kimball,41.95376,-87.6749,20,20
40850,Brn,20230810 00:40:14,20230810 00:47:14,0,0,0,Harold Washington Library-State/Van Buren,Kimball,41.87691,-87.6282,11,11
40850,Org,20230810 00:40:16,20230810 00:47:16,0,0,0,Harold Washington Library-State/Van Buren,Midway,41.85767,-87.62883,22,22
40850,Pink,20230810 00:40:07,20230810 00:55:07,0,0,0,Harold Washington Library-State/Van Buren,54th/Cermak,41.86004,-87.66921,24,24
40850,Org,20230810 00:40:17,20230810 01:00:17,0,0,0,Harold Washington Library-State/Van Buren,Midway,41.80433,-87.7067,24,24
40850,Brn,20230810 00:39:52,20230810 01:05:52,0,0,0,Harold Washington Library-State/Van Buren,Kimball,41.95376,-87.6749,20,20
40160,Brn,20230810 00:40:14,20230810 00:46:14,0,0,0,LaSalle/Van Buren,Kimball,41.87686,-87.63174,14,11
40160,Org,20230810 00:40:16,20230810 00:48:16,0,0,0,LaSalle/Van Buren,Midway,41.85767,-87.62883,22,22
40160,Pink,20230810 00:40:07,20230810 00:56:07,0,0,0,LaSalle/Van Buren,54th/Cermak,41.86004,-87.66921,24,24
40160,Org,20230810 00:40:17,20230810 01:02:17,0,0,0,LaSalle/Van Buren,Midway,41.80433,-87.7067,24,24
40160,Brn,20230810 00:39:52,20230810 01:04:52,0,0,0,LaSalle/Van Buren,Kimball,41.95376,-87.6749,20,20
40040,Brn,20230810 00:40:14,20230810 00:45:14,0,0,0,Quincy,Kimball,41.87872,-87.63374,14,14
40040,Org,20230810 00:40:16,20230810 00:49:16,0,0,0,Quincy,Midway,41.85767,-87.62883,22,22
40040,Pink,20230810 00:40:07,20230810 00:57:07,0,0,0,Quincy,54th/Cermak,41.86004,-87.66921,24,24
40040,Org,20230810 00:40:17,20230810 01:03:17,0,0,0,Quincy,Midway,41.80433,-87.7067,24,24
40040,Brn,20230810 00:39:52,20230810 01:03:52,0,0,0,Quincy,Kimball,41.95376,-87.6749,20,20
40730,Brn,20230810 00:40:14,20230810 00:44:14,0,0,0,Washington/Wells,Kimball,41.88269,-87.63385,16,16
40730,Org,20230810 00:40:16,20230810 00:50:16,0,0,0,Washington/Wells,Midway,41.85767,-87.62883,22,22
40730,Pink,20230810 00:40:07,20230810 00:58:07,0,0,0,Washington/Wells,54th/Cermak,41.86004,-87.66921,24,24
40730,Brn,20230810 00:39:52,20230810 01:02:52,0,0,0,Washington/Wells,Kimball,41.95376,-87.6749,20,20
40730,Org,20230810 00:40:17,20230810 01:04:17,0,0,0,Washington/Wells,Midway,41.80433,-87.7067,24,24
40460,Brn,20230810 00:40:14,20230810 00:42:14,0,0,0,Merchandise Mart,Loop,41.8903,-87.63548,15,15
40460,Brn,20230810 00:40:14,20230810 00:55:14,0,0,0,Merchandise Mart,Kimball,41.88897,-87.63397,14,14
40460,Brn,20230810 00:39:52,20230810 01:00:52,0,0,0,Merchandise Mart,Loop,41.95376,-87.6749,20,20
40460,Brn,20230810 00:39:52,20230810 01:12:52,0,0,0,Merchandise Mart,Kimball,41.95376,-87.6749,20,20
40330,Red,20230810 00:39:31,20230810 00:54:31,0,0,0,Grand,95th/Dan Ryan,41.94743,-87.65363,13,13
40330,Red,20230810 00:39:47,20230810 01:02:47,0,0,0,Grand,Howard,41.76984,-87.62584,69,69
41400,Org,20230810 00:40:16,20230810 00:42:16,0,0,0,Roosevelt,Loop,41.85767,-87.62883,22,22
41400,Org,20230810 00:40:17,20230810 00:56:17,0,0,0,Roosevelt,Loop,41.80433,-87.7067,24,24
41400,Red,20230810 00:39:47,20230810 00:55:47,0,0,0,Roosevelt,Howard,41.76984,-87.62584,69,69
41400,G,20230810 00:40:05,20230810 00:58:05,0,0,0,Roosevelt,Harlem/Lake,41.79125,-87.61822,27,27
41400,G,20230810 00:39:32,20230810 00:58:32,0,0,0,Roosevelt,Ashland/63rd,41.8849,-87.71652,22,22
41400,Org,20230810 00:40:16,20230810 00:59:16,0,0,0,Roosevelt,Midway,41.85767,-87.62883,22,22
41400,Red,20230810 00:39:31,20230810 01:02:31,0,0,0,Roosevelt,95th/Dan Ryan,41.94743,-87.65363,13,13
41160,Pink,20230810 00:40:09,20230810 00:42:09,0,0,0,Clinton,54th/Cermak,41.88411,-87.63388,14,14
41160,Pink,20230810 00:40:07,20230810 00:47:07,0,0,0,Clinton,Loop,41.86004,-87.66921,24,24
41160,G,20230810 00:39:54,20230810 00:48:54,0,0,0,Clinton,Harlem/Lake,41.86744,-87.62659,12,12
41160,G,20230810 00:39:32,20230810 00:49:32,0,0,0,Clinton,Ashland/63rd,41.8849,-87.71652,22,22
41160,Pink,20230810 00:40:07,20230810 01:02:07,0,0,0,Clinton,54th/Cermak,41.86004,-87.66921,24,24
41160,G,20230810 00:40:05,20230810 01:08:05,0,0,0,Clinton,Harlem/Lake,41.79125,-87.61822,27,27
41220,Brn,20230810 00:39:55,20230810 00:44:55,0,0,0,Fullerton,Kimball,41.91041,-87.6393,17,17
41220,Red,20230810 00:39:31,20230810 00:45:31,0,0,0,Fullerton,95th/Dan Ryan,41.94743,-87.65363,13,13
41220,Brn,20230810 00:39:52,20230810 00:49:52,0,0,0,Fullerton,Loop,41.95376,-87.6749,20,20
41220,Brn,20230810 00:40:14,20230810 01:07:14,0,0,0,Fullerton,Kimball,41.92505,-87.65287,15,15
41220,Red,20230810 00:39:47,20230810 01:11:47,0,0,0,Fullerton,Howard,41.76984,-87.62584,69,69
41120,G,20230810 00:40:22,20230810 00:42:22,0,0,0,35th-Bronzeville-IIT,Ashland/63rd,41.85126,-87.62636,20,20
41120,G,20230810 00:40:05,20230810 00:50:05,0,0,0,35th-Bronzeville-IIT,Harlem/Lake,41.79125,-87.61822,27,27
41120,G,20230810 00:39:32,20230810 01:05:32,0,0,0,35th-Bronzeville-IIT,Ashland/63rd,41.8849,-87.71652,22,22
41320,Red,20230810 00:39:31,20230810 00:41:31,0,0,0,Belmont,95th/Dan Ryan,41.94743,-87.65363,13,13
41320,Brn,20230810 00:39:52,20230810 00:45:52,0,0,0,Belmont,Loop,41.95376,-87.6749,20,20
41320,Brn,20230810 00:39:55,20230810 00:48:55,0,0,0,Belmont,Kimball,41.91041,-87.6393,17,17
41320,Brn,20230810 00:40:14,20230810 01:10:14,0,0,0,Belmont,Kimball,41.93981,-87.65338,14,14
41320,Red,20230810 00:39:47,20230810 01:13:47,0,0,0,Belmont,Howard,41.76984,-87.62584,69,69
40820,Blue,20230810 00:40:13,20230810 00:45:13,0,0,0,Rosemont,O'Hare,41.98355,-87.8193,67,67
40820,Blue,20230810 00:40:16,20230810 00:55:16,0,0,0,Rosemont,O'Hare,41.95481,-87.73248,12,12
40820,Blue,20230810 00:40:36,20230810 01:10:36,0,0,0,Rosemont,O'Hare,41.89689,-87.65647,17,17
40960,Org,20230810 00:40:39,20230810 00:43:39,0,0,0,Pulaski,Midway,41.80438,-87.70234,24,24
40960,Org,20230810 00:40:08,20230810 00:57:08,0,0,0,Pulaski,Midway,41.86119,-87.62649,19,19
40960,Org,20230810 00:40:25,20230810 01:18:25,0,0,0,Pulaski,Midway,41.85767,-87.62852,22,22
40960,Org,20230810 00:40:28,20230810 01:32:28,0,0,0,Pulaski,Midway,41.80435,-87.70441,24,24
41020,Blue,20230810 00:40:36,20230810 00:48:36,0,0,0,Logan Square,O'Hare,41.89689,-87.65647,17,17
41020,Blue,20230810 00:40:30,20230810 00:53:30,0,0,0,Logan Square,Forest Park,41.92973,-87.70854,19,19
40260,Brn,20230810 00:50:36,20230810 00:52:36,0,0,0,State/Lake,Kimball,41.88202,-87.62616,11,11
40260,Pink,20230810 00:50:19,20230810 00:51:19,0,0,0,State/Lake,54th/Cermak,41.88573,-87.63274,11,11
40260,Org,20230810 00:50:27,20230810 00:53:27,0,0,0,State/Lake,Midway,41.88344,-87.63387,16,16
40260,G,20230810 00:50:22,20230810 00:54:22,0,0,0,State/Lake,Ashland/63rd,41.88558,-87.65219,9,9
40260,G,20230810 00:50:03,20230810 01:04:03,0,0,0,State/Lake,Harlem/Lake,41.83168,-87.62588,22,22
40260,Org,20230810 00:50:32,20230810 01:07:32,0,0,0,State/Lake,Midway,41.8426,-87.65853,65,65
40260,Pink,20230810 00:50:23,20230810 01:08:23,0,0,0,State/Lake,54th/Cermak,41.85413,-87.70541,21,21
40380,Blue,20230810 00:50:31,20230810 00:52:31,0,0,0,Clark/Lake,Forest Park,41.88588,-87.64006,16,16
40380,Brn,20230810 00:50:36,20230810 00:52:36,0,0,0,Clark/Lake,Kimball,41.88202,-87.62616,11,11
40380,Org,20230810 00:50:27,20230810 00:52:27,0,0,0,Clark/Lake,Midway,41.88344,-87.63387,16,16
40380,Pink,20230810 00:50:19,20230810 00:51:19,0,0,0,Clark/Lake,54th/Cermak,41.88573,-87.63274,11,11
40380,G,20230810 00:50:22,20230810 00:53:22,0,0,0,Clark/Lake,Ashland/63rd,41.88558,-87.65219,9,9
40380,G,20230810 00:50:03,20230810 01:04:03,0,0,0,Clark/Lake,Harlem/Lake,41.83168,-87.62588,22,22
41700,Pink,20230810 00:50:19,20230810 00:53:19,0,0,0,Washington/Wabash,54th/Cermak,41.88573,-87.63274,11,11
41700,Org,20230810 00:50:27,20230810 00:54:27,0,0,0,Washington/Wabash,Midway,41.88344,-87.63387,16,16
41700,G,20230810 00:50:22,20230810 00:55:22,0,0,0,Washington/Wabash,Ashland/63rd,41.88558,-87.65219,9,9
41700,G,20230810 00:50:03,20230810 01:02:03,0,0,0,Washington/Wabash,Harlem/Lake,41.83168,-87.62588,22,22
41700,Brn,20230810 00:50:18,20230810 01:08:18,0,0,0,Washington/Wabash,Kimball,41.92505,-87.65287,15,15
41700,Org,20230810 00:50:32,20230810 01:08:32,0,0,0,Washington/Wabash,Midway,41.8426,-87.65853,65,65
41700,Pink,20230810 00:50:23,20230810 01:09:23,0,0,0,Washington/Wabash,54th/Cermak,41.85413,-87.70541,21,21
40680,Pink,20230810 00:50:19,20230810 00:54:19,0,0,0,Adams/Wabash,54th/Cermak,41.88573,-87.63274,11,11
40680,Org,20230810 00:50:27,20230810 00:55:27,0,0,0,Adams/Wabash,Midway,41.88344,-87.63387,16,16
40680,G,20230810 00:50:22,20230810 00:56:22,0,0,0,Adams/Wabash,Ashland/63rd,41.88558,-87.65219,9,9
40680,G,20230810 00:50:03,20230810 01:01:03,0,0,0,Adams/Wabash,Harlem/Lake,41.83168,-87.62588,22,22
40680,Brn,20230810 00:50:18,20230810 01:08:18,0,0,0,Adams/Wabash,Kimball,41.92505,-87.65287,15,15
40680,Org,20230810 00:50:32,20230810 01:09:32,0,0,0,Adams/Wabash,Midway,41.8426,-87.65853,65,65
40680,Pink,20230810 00:50:23,20230810 01:10:23,0,0,0,Adams/Wabash,54th/Cermak,41.85413,-87.70541,21,21
40850,Pink,20230810 00:50:19,20230810 00:55:19,0,0,0,Harold Washington Library-State/Van Buren,54th/Cermak,41.88573,-87.63274,11,11
40850,Org,20230810 00:50:32,20230810 01:00:32,0,0,0,Harold Washington Library-State/Van Buren,Midway,41.8426,-87.65853,65,65
40850,Brn,20230810 00:50:18,20230810 01:06:18,0,0,0,Harold Washington Library-State/Van Buren,Kimball,41.92505,-87.65287,15,15
40850,Pink,20230810 00:50:23,20230810 01:12:23,0,0,0,Harold Washington Library-State/Van Buren,54th/Cermak,41.85413,-87.70541,21,21
40850,Org,20230810 00:50:31,20230810 01:14:31,0,0,0,Harold Washington Library-State/Van Buren,Midway,41.79125,-87.73813,19,19
40160,Pink,20230810 00:50:19,20230810 00:56:19,0,0,0,LaSalle/Van Buren,54th/Cermak,41.88573,-87.63274,11,11
40160,Org,20230810 00:50:32,20230810 01:01:32,0,0,0,LaSalle/Van Buren,Midway,41.8426,-87.65853,65,65
40160,Brn,20230810 00:50:18,20230810 01:05:18,0,0,0,LaSalle/Van Buren,Kimball,41.92505,-87.65287,15,15
40160,Pink,20230810 00:50:23,20230810 01:13:23,0,0,0,LaSalle/Van Buren,54th/Cermak,41.85413,-87.70541,21,21
40160,Org,20230810 00:50:31,20230810 01:15:31,0,0,0,LaSalle/Van Buren,Midway,41.79125,-87.73813,19,19
40040,Pink,20230810 00:50:19,20230810 00:58:19,0,0,0,Quincy,54th/Cermak,41.88573,-87.63274,11,11
40040,Brn,20230810 00:50:18,20230810 01:03:18,0,0,0,Quincy,Kimball,41.92505,-87.65287,15,15
40040,Org,20230810 00:50:32,20230810 01:03:32,0,0,0,Quincy,Midway,41.8426,-87.65853,65,65
40040,Pink,20230810 00:50:23,20230810 01:15:23,0,0,0,Quincy,54th/Cermak,41.85413,-87.70541,21,21
40040,Org,20230810 00:50:31,20230810 01:17:31,0,0,0,Quincy,Midway,41.79125,-87.73813,19,19
40730,Pink,20230810 00:50:19,20230810 00:59:19,0,0,0,Washington/Wells,54th/Cermak,41.88573,-87.63274,11,11
40730,Brn,20230810 00:50:18,20230810 01:03:18,0,0,0,Washington/Wells,Kimball,41.92505,-87.65287,15,15
40730,Org,20230810 00:50:32,20230810 01:04:32,0,0,0,Washington/Wells,Midway,41.8426,-87.65853,65,65
40730,Pink,20230810 00:50:23,20230810 01:16:23,0,0,0,Washington/Wells,54th/Cermak,41.85413,-87.70541,21,21
40730,Org,20230810 00:50:31,20230810 01:18:31,0,0,0,Washington/Wells,Midway,41.79125,-87.73813,19,19
40460,Brn,20230810 00:50:36,20230810 00:54:36,0,0,0,Merchandise Mart,Kimball,41.88202,-87.62616,11,11
40460,Brn,20230810 00:50:18,20230810 01:01:18,0,0,0,Merchandise Mart,Loop,41.92505,-87.65287,15,15
40460,Brn,20230810 00:50:18,20230810 01:13:18,0,0,0,Merchandise Mart,Kimball,41.92505,-87.65287,15,15
40330,Red,20230810 00:50:34,20230810 00:53:34,0,0,0,Grand,95th/Dan Ryan,41.90389,-87.63322,11,11
40330,Red,20230810 00:50:16,20230810 01:03:16,0,0,0,Grand,Howard,41.83119,-87.63064,67,67
40330,Red,20230810 00:47:29,20230810 01:14:29,0,0,0,Grand,Howard,41.75042,-87.62518,67,67
41400,Org,20230810 00:50:32,20230810 00:56:32,0,0,0,Roosevelt,Loop,41.8426,-87.65853,65,65
41400,Red,20230810 00:50:16,20230810 00:56:16,0,0,0,Roosevelt,Howard,41.83119,-87.63064,67,67
41400,G,20230810 00:50:03,20230810 00:58:03,0,0,0,Roosevelt,Harlem/Lake,41.83168,-87.62588,22,22
41400,Org,20230810 00:50:27,20230810 00:59:27,0,0,0,Roosevelt,Midway,41.88344,-87.63387,16,16
41400,G,20230810 00:50:22,20230810 01:00:22,0,0,0,Roosevelt,Ashland/63rd,41.88558,-87.65219,9,9
41400,Red,20230810 00:50:34,20230810 01:01:34,0,0,0,Roosevelt,95th/Dan Ryan,41.90389,-87.63322,11,11
41400,Org,20230810 00:50:31,20230810 01:10:31,0,0,0,Roosevelt,Loop,41.79125,-87.73813,19,19
41160,G,20230810 00:50:22,20230810 00:51:22,0,0,0,Clinton,Ashland/63rd,41.88558,-87.65219,9,9
41160,Pink,20230810 00:50:19,20230810 01:02:19,0,0,0,Clinton,54th/Cermak,41.88573,-87.63274,11,11
41160,Pink,20230810 00:50:23,20230810 01:04:23,0,0,0,Clinton,Loop,41.85413,-87.70541,21,21
41160,G,20230810 00:50:03,20230810 01:07:03,0,0,0,Clinton,Harlem/Lake,41.83168,-87.62588,22,22
41160,Pink,20230810 00:50:23,20230810 01:19:23,0,0,0,Clinton,54th/Cermak,41.85413,-87.70541,21,21
41160,G,20230810 00:50:15,20230810 01:21:15,0,0,0,Clinton,Harlem/Lake,41.78681,-87.62988,60,60
41220,Brn,20230810 00:50:36,20230810 01:06:36,0,0,0,Fullerton,Kimball,41.88202,-87.62616,11,11
41220,Red,20230810 00:50:16,20230810 01:12:16,0,0,0,Fullerton,Howard,41.83119,-87.63064,67,67
41220,Brn,20230810 00:50:18,20230810 01:25:18,0,0,0,Fullerton,Kimball,41.92505,-87.65287,15,15
41220,Red,20230810 00:47:29,20230810 01:23:29,0,0,0,Fullerton,Howard,41.75042,-87.62518,67,67
41120,G,20230810 00:50:15,20230810 01:04:15,0,0,0,35th-Bronzeville-IIT,Harlem/Lake,41.78681,-87.62988,60,60
41120,G,20230810 00:50:22,20230810 01:07:22,0,0,0,35th-Bronzeville-IIT,Ashland/63rd,41.88558,-87.65219,9,9
41320,Brn,20230810 00:50:36,20230810 01:10:36,0,0,0,Belmont,Kimball,41.88202,-87.62616,11,11
41320,Red,20230810 00:50:16,20230810 01:15:16,0,0,0,Belmont,Howard,41.83119,-87.63064,67,67
41320,Red,20230810 00:47:29,20230810 01:25:29,0,0,0,Belmont,Howard,41.75042,-87.62518,67,67
41320,Brn,20230810 00:50:18,20230810 01:29:18,0,0,0,Belmont,Kimball,41.92505,-87.65287,15,15
40820,Blue,20230810 00:50:08,20230810 00:55:08,0,0,0,Rosemont,O'Hare,41.9825,-87.81446,65,65
40820,Blue,20230810 00:50:38,20230810 01:10:38,0,0,0,Rosemont,O'Hare,41.93709,-87.71232,17,12
40820,Blue,20230810 00:50:32,20230810 01:25:32,0,0,0,Rosemont,O'Hare,41.88574,-87.63089,16,11
40960,Org,20230810 00:50:31,20230810 00:52:31,0,0,0,Pulaski,Loop,41.79125,-87.73813,19,19
40960,Org,20230810 00:50:21,20230810 00:56:21,0,0,0,Pulaski,Midway,41.80757,-87.67955,19,19
40960,Org,20230810 00:50:27,20230810 01:17:27,0,0,0,Pulaski,Midway,41.88344,-87.63387,16,16
40960,Org,20230810 00:50:32,20230810 01:32:32,0,0,0,Pulaski,Midway,41.8426,-87.65853,65,65
40960,Org,20230810 00:50:31,20230810 01:46:31,0,0,0,Pulaski,Midway,41.79125,-87.73813,19,19
41020,Blue,20230810 00:50:34,20230810 00:52:34,0,0,0,Logan Square,Forest Park,41.94213,-87.71503,65,65
41020,Blue,20230810 00:50:32,20230810 01:03:32,0,0,0,Logan Square,O'Hare,41.88574,-87.63089,16,11
41020,Blue,20230810 00:50:23,20230810 01:09:23,0,0,0,Logan Square,Forest Park,41.98351,-87.85939,57,57
40260,G,20230810 01:03:35,20230810 01:04:35,0,0,0,State/Lake,Harlem/Lake,41.88505,-87.62625,10,10
40260,Org,20230810 01:03:09,20230810 01:07:09,0,0,0,State/Lake,Midway,41.87872,-87.63374,14,14
40260,Pink,20230810 01:03:22,20230810 01:08:22,0,0,0,State/Lake,54th/Cermak,41.88531,-87.66697,19,19
40260,Brn,20230810 01:03:41,20230810 01:11:41,0,0,0,State/Lake,Kimball,41.88574,-87.62783,11,11
40260,G,20230810 01:03:22,20230810 01:17:22,0,0,0,State/Lake,Harlem/Lake,41.83168,-87.62588,22,22
40260,G,20230810 01:02:42,20230810 01:17:42,0,0,0,State/Lake,Cottage Grove,41.88541,-87.7254,22,22
40260,Org,20230810 01:03:25,20230810 01:20:25,0,0,0,State/Lake,Midway,41.8426,-87.65853,65,65
40380,G,20230810 01:03:35,20230810 01:04:35,0,0,0,Clark/Lake,Harlem/Lake,41.88505,-87.62625,10,10
40380,Blue,20230810 01:03:04,20230810 01:06:04,0,0,0,Clark/Lake,O'Hare,41.87818,-87.6293,11,9
40380,Org,20230810 01:03:09,20230810 01:06:09,0,0,0,Clark/Lake,Midway,41.87872,-87.63374,14,14
40380,Blue,20230810 01:03:40,20230810 01:07:40,0,0,0,Clark/Lake,Forest Park,41.89447,-87.65266,17,17
40380,Pink,20230810 01:03:22,20230810 01:07:22,0,0,0,Clark/Lake,54th/Cermak,41.88531,-87.66697,19,19
40380,Brn,20230810 01:03:41,20230810 01:12:41,0,0,0,Clark/Lake,Kimball,41.88574,-87.63089,16,16
40380,G,20230810 01:03:22,20230810 01:17:22,0,0,0,Clark/Lake,Harlem/Lake,41.83168,-87.62588,22,22
41700,Org,20230810 01:03:09,20230810 01:08:09,0,0,0,Washington/Wabash,Midway,41.87872,-87.63374,14,14
41700,Brn,20230810 01:03:41,20230810 01:09:41,0,0,0,Washington/Wabash,Kimball,41.88202,-87.62616,11,11
41700,Pink,20230810 01:03:22,20230810 01:10:22,0,0,0,Washington/Wabash,54th/Cermak,41.88531,-87.66697,19,19
41700,G,20230810 01:03:22,20230810 01:15:22,0,0,0,Washington/Wabash,Harlem/Lake,41.83168,-87.62588,22,22
41700,G,20230810 01:02:42,20230810 01:19:42,0,0,0,Washington/Wabash,Cottage Grove,41.88541,-87.7254,22,22
41700,Org,20230810 01:03:25,20230810 01:21:25,0,0,0,Washington/Wabash,Midway,41.8426,-87.65853,65,65
41700,Pink,20230810 01:03:30,20230810 01:30:30,0,0,0,Washington/Wabash,54th/Cermak,41.85186,-87.75304,24,24
40680,Brn,20230810 01:03:41,20230810 01:08:41,0,0,0,Adams/Wabash,Kimball,41.8795,-87.6261,10,10
40680,Org,20230810 01:03:09,20230810 01:09:09,0,0,0,Adams/Wabash,Midway,41.87872,-87.63374,14,14
40680,Pink,20230810 01:03:22,20230810 01:11:22,0,0,0,Adams/Wabash,54th/Cermak,41.88531,-87.66697,19,19
40680,G,20230810 01:03:22,20230810 01:14:22,0,0,0,Adams/Wabash,Harlem/Lake,41.83168,-87.62588,22,22
40680,G,20230810 01:02:42,20230810 01:20:42,0,0,0,Adams/Wabash,Cottage Grove,41.88541,-87.7254,22,22
40680,Org,20230810 01:03:25,20230810 01:22:25,0,0,0,Adams/Wabash,Midway,41.8426,-87.65853,65,65
40850,Brn,20230810 01:03:41,20230810 01:06:41,0,0,0,Harold Washington Library-State/Van Buren,Kimball,41.87691,-87.6282,11,11
40850,Org,20230810 01:03:25,20230810 01:13:25,0,0,0,Harold Washington Library-State/Van Buren,Midway,41.8426,-87.65853,65,65
40850,Pink,20230810 01:03:22,20230810 01:13:22,0,0,0,Harold Washington Library-State/Van Buren,54th/Cermak,41.88531,-87.66697,19,19
40850,Pink,20230810 01:03:30,20230810 01:33:30,0,0,0,Harold Washington Library-State/Van Buren,54th/Cermak,41.85186,-87.75304,24,24
40850,Brn,20230810 01:02:41,20230810 01:36:41,0,0,0,Harold Washington Library-State/Van Buren,Kimball,41.96615,-87.70164,21,21
40160,Brn,20230810 01:03:41,20230810 01:06:41,0,0,0,LaSalle/Van Buren,Kimball,41.87686,-87.63174,13,11
40160,Org,20230810 01:03:25,20230810 01:14:25,0,0,0,LaSalle/Van Buren,Midway,41.8426,-87.65853,65,65
40160,Pink,20230810 01:03:22,20230810 01:14:22,0,0,0,LaSalle/Van Buren,54th/Cermak,41.88531,-87.66697,19,19
40160,Pink,20230810 01:03:30,20230810 01:34:30,0,0,0,LaSalle/Van Buren,54th/Cermak,41.85186,-87.75304,24,24
40160,Brn,20230810 01:02:41,20230810 01:36:41,0,0,0,LaSalle/Van Buren,Kimball,41.96615,-87.70164,21,21
40040,Brn,20230810 01:03:41,20230810 01:04:41,0,0,0,Quincy,Kimball,41.87872,-87.63374,14,14
40040,Org,20230810 01:03:25,20230810 01:16:25,0,0,0,Quincy,Midway,41.8426,-87.65853,65,65
40040,Pink,20230810 01:03:22,20230810 01:16:22,0,0,0,Quincy,54th/Cermak,41.88531,-87.66697,19,19
40040,Brn,20230810 01:02:41,20230810 01:34:41,0,0,0,Quincy,Kimball,41.96615,-87.70164,21,21
40040,Pink,20230810 01:03:30,20230810 01:36:30,0,0,0,Quincy,54th/Cermak,41.85186,-87.75304,24,24
40730,Brn,20230810 01:03:41,20230810 01:04:41,0,0,0,Washington/Wells,Kimball,41.88269,-87.63385,16,16
40730,Org,20230810 01:03:09,20230810 01:04:09,0,0,0,Washington/Wells,Midway,41.87872,-87.63374,14,14
40730,Org,20230810 01:03:25,20230810 01:17:25,0,0,0,Washington/Wells,Midway,41.8426,-87.65853,65,65
40730,Pink,20230810 01:03:22,20230810 01:17:22,0,0,0,Washington/Wells,54th/Cermak,41.88531,-87.66697,19,19
40730,Brn,20230810 01:02:41,20230810 01:34:41,0,0,0,Washington/Wells,Kimball,41.96615,-87.70164,21,21
40730,Pink,20230810 01:03:30,20230810 01:37:30,0,0,0,Washington/Wells,54th/Cermak,41.85186,-87.75304,24,24
40460,Brn,20230810 01:03:41,20230810 01:14:41,0,0,0,Merchandise Mart,Kimball,41.88897,-87.63397,14,14
40460,Brn,20230810 01:02:41,20230810 01:31:41,0,0,0,Merchandise Mart,Loop,41.96615,-87.70164,21,21
40460,Brn,20230810 01:02:41,20230810 01:44:41,0,0,0,Merchandise Mart,Kimball,41.96615,-87.70164,21,21
40330,Red,20230810 01:03:30,20230810 01:04:30,0,0,0,Grand,Howard,41.88755,-87.62792,10,10
40330,Red,20230810 01:03:31,20230810 01:18:31,0,0,0,Grand,Howard,41.81264,-87.63019,70,70
40330,Red,20230810 01:03:38,20230810 01:24:38,0,0,0,Grand,Howard,41.96427,-87.65759,13,13
41400,Org,20230810 01:03:25,20230810 01:09:25,0,0,0,Roosevelt,Loop,41.8426,-87.65853,65,65
41400,G,20230810 01:03:22,20230810 01:11:22,0,0,0,Roosevelt,Harlem/Lake,41.83168,-87.62588,22,22
41400,Red,20230810 01:03:31,20230810 01:12:31,0,0,0,Roosevelt,Howard,41.81264,-87.63019,70,70
41400,Org,20230810 01:03:09,20230810 01:13:09,0,0,0,Roosevelt,Midway,41.87872,-87.63374,14,14
41400,G,20230810 01:02:42,20230810 01:23:42,0,0,0,Roosevelt,Cottage Grove,41.88541,-87.7254,22,22
41400,Org,20230810 01:03:25,20230810 01:26:25,0,0,0,Roosevelt,Midway,41.8426,-87.65853,65,65
41400,Red,20230810 01:03:38,20230810 01:32:38,0,0,0,Roosevelt,Howard,41.96427,-87.65759,13,13
41160,Pink,20230810 01:04:00,20230810 01:06:00,0,0,0,Clinton,Loop,41.88542,-87.66207,17,17
41160,G,20230810 01:03:59,20230810 01:06:59,0,0,0,Clinton,Harlem/Lake,41.88574,-87.62706,11,11
41160,G,20230810 01:03:57,20230810 01:14:57,0,0,0,Clinton,Cottage Grove,41.88516,-87.72096,22,22
41160,Pink,20230810 01:04:00,20230810 01:20:00,0,0,0,Clinton,54th/Cermak,41.88542,-87.66207,17,17
41160,G,20230810 01:03:22,20230810 01:20:22,0,0,0,Clinton,Harlem/Lake,41.83168,-87.62588,22,22
41160,Pink,20230810 01:03:57,20230810 01:25:57,0,0,0,Clinton,Loop,41.85188,-87.75197,24,24
41160,Pink,20230810 01:03:57,20230810 01:39:57,0,0,0,Clinton,54th/Cermak,41.85188,-87.75197,24,24
41220,Brn,20230810 01:03:57,20230810 01:05:57,0,0,0,Fullerton,Kimball,41.92505,-87.65287,15,15
41220,Red,20230810 01:03:57,20230810 01:12:57,0,0,0,Fullerton,Howard,41.89029,-87.62799,10,10
41220,Red,20230810 01:03:38,20230810 01:15:38,0,0,0,Fullerton,Howard,41.96427,-87.65759,13,13
41220,Brn,20230810 01:03:43,20230810 01:20:43,0,0,0,Fullerton,Loop,41.96615,-87.69996,21,21
41220,Brn,20230810 01:04:00,20230810 01:26:00,0,0,0,Fullerton,Kimball,41.88505,-87.6339,14,14
41220,Red,20230810 01:03:59,20230810 01:27:59,0,0,0,Fullerton,Howard,41.81605,-87.63027,67,67
41120,G,20230810 01:03:54,20230810 01:07:54,0,0,0,35th-Bronzeville-IIT,Ashland/63rd,41.85797,-87.62649,19,16
41120,G,20230810 01:03:57,20230810 01:30:57,0,0,0,35th-Bronzeville-IIT,Cottage Grove,41.88516,-87.72096,22,22
41320,Brn,20230810 01:03:57,20230810 01:09:57,0,0,0,Belmont,Kimball,41.93981,-87.65338,14,14
41320,Red,20230810 01:03:38,20230810 01:11:38,0,0,0,Belmont,Howard,41.96427,-87.65759,13,13
41320,Red,20230810 01:03:57,20230810 01:15:57,0,0,0,Belmont,Howard,41.89029,-87.62799,10,10
41320,Brn,20230810 01:03:43,20230810 01:17:43,0,0,0,Belmont,Loop,41.96615,-87.69996,21,21
41320,Brn,20230810 01:04:00,20230810 01:30:00,0,0,0,Belmont,Kimball,41.88505,-87.6339,14,14
41320,Red,20230810 01:03:59,20230810 01:30:59,0,0,0,Belmont,Howard,41.81605,-87.63027,67,67
40820,Blue,20230810 01:03:55,20230810 01:04:55,0,0,0,Rosemont,Forest Park,41.98337,-87.86345,57,57
40820,Blue,20230810 01:04:00,20230810 01:10:00,0,0,0,Rosemont,O'Hare,41.98235,-87.80534,65,65
40820,Blue,20230810 01:03:33,20230810 01:25:33,0,0,0,Rosemont,O'Hare,41.92973,-87.70854,19,19
40820,Blue,20230810 01:03:54,20230810 01:40:54,0,0,0,Rosemont,O'Hare,41.87881,-87.62932,13,7
40960,Org,20230810 01:03:54,20230810 01:17:54,0,0,0,Pulaski,Midway,41.84873,-87.64309,24,24
40960,Org,20230810 01:03:57,20230810 01:31:57,0,0,0,Pulaski,Midway,41.88018,-87.63378,11,7
40960,Org,20230810 01:03:58,20230810 01:44:58,0,0,0,Pulaski,Midway,41.84514,-87.65293,65,65
41020,Blue,20230810 01:04:01,20230810 01:09:01,0,0,0,Logan Square,Forest Park,41.95331,-87.72984,65,65
41020,Blue,20230810 01:03:54,20230810 01:18:54,0,0,0,Logan Square,O'Hare,41.87881,-87.62932,13,7
41020,Blue,20230810 01:03:55,20230810 01:23:55,0,0,0,Logan Square,Forest Park,41.98337,-87.86345,57,57
40260,G,20230810 01:13:56,20230810 01:17:56,0,0,0,State/Lake,Harlem/Lake,41.87526,-87.62602,16,16
40260,Org,20230810 01:13:49,20230810 01:19:49,0,0,0,State/Lake,Midway,41.87691,-87.6282,10,7
40260,G,20230810 01:13:16,20230810 01:20:16,0,0,0,State/Lake,Cottage Grove,41.88498,-87.67667,17,17
40260,Pink,20230810 01:13:44,20230810 01:28:44,0,0,0,State/Lake,54th/Cermak,41.8544,-87.68513,23,18
40260,G,20230810 01:13:16,20230810 01:31:16,0,0,0,State/Lake,Ashland/63rd,41.88652,-87.7447,21,21
40260,G,20230810 01:13:46,20230810 01:32:46,0,0,0,State/Lake,Harlem/Lake,41.81646,-87.61904,19,19
40260,Org,20230810 01:13:58,20230810 01:35:58,0,0,0,State/Lake,Midway,41.82182,-87.68397,25,25
40380,G,20230810 01:13:56,20230810 01:17:56,0,0,0,Clark/Lake,Harlem/Lake,41.87526,-87.62602,16,16
40380,Org,20230810 01:13:49,20230810 01:18:49,0,0,0,Clark/Lake,Midway,41.87691,-87.6282,10,7
40380,G,20230810 01:13:16,20230810 01:19:16,0,0,0,Clark/Lake,Cottage Grove,41.88498,-87.67667,17,17
40380,Blue,20230810 01:13:57,20230810 01:25:57,0,0,0,Clark/Lake,Forest Park,41.91846,-87.69113,16,16
40380,Pink,20230810 01:13:44,20230810 01:27:44,0,0,0,Clark/Lake,54th/Cermak,41.8544,-87.68513,23,18
40380,G,20230810 01:13:16,20230810 01:30:16,0,0,0,Clark/Lake,Ashland/63rd,41.88652,-87.7447,21,21
41700,G,20230810 01:13:56,20230810 01:15:56,0,0,0,Washington/Wabash,Harlem/Lake,41.87526,-87.62602,16,16
41700,Org,20230810 01:13:49,20230810 01:21:49,0,0,0,Washington/Wabash,Midway,41.87691,-87.6282,10,7
41700,G,20230810 01:13:16,20230810 01:22:16,0,0,0,Washington/Wabash,Cottage Grove,41.88498,-87.67667,17,17
41700,G,20230810 01:13:46,20230810 01:30:46,0,0,0,Washington/Wabash,Harlem/Lake,41.81646,-87.61904,19,19
41700,Pink,20230810 01:13:44,20230810 01:30:44,0,0,0,Washington/Wabash,54th/Cermak,41.8544,-87.68513,23,18
41700,G,20230810 01:13:16,20230810 01:32:16,0,0,0,Washington/Wabash,Ashland/63rd,41.88652,-87.7447,21,21
41700,Org,20230810 01:13:58,20230810 01:37:58,0,0,0,Washington/Wabash,Midway,41.82182,-87.68397,25,25
40680,G,20230810 01:13:56,20230810 01:14:56,0,0,0,Adams/Wabash,Harlem/Lake,41.87526,-87.62602,16,16
40680,Org,20230810 01:13:49,20230810 01:22:49,0,0,0,Adams/Wabash,Midway,41.87691,-87.6282,10,7
40680,G,20230810 01:13:16,20230810 01:23:16,0,0,0,Adams/Wabash,Cottage Grove,41.88498,-87.67667,17,17
40680,G,20230810 01:13:46,20230810 01:29:46,0,0,0,Adams/Wabash,Harlem/Lake,41.81646,-87.61904,19,19
40680,Pink,20230810 01:13:44,20230810 01:31:44,0,0,0,Adams/Wabash,54th/Cermak,41.8544,-87.68513,23,18
40680,G,20230810 01:13:16,20230810 01:33:16,0,0,0,Adams/Wabash,Ashland/63rd,41.88652,-87.7447,21,21
40680,Org,20230810 01:13:58,20230810 01:38:58,0,0,0,Adams/Wabash,Midway,41.82182,-87.68397,25,25
40850,Pink,20230810 01:13:56,20230810 01:14:56,0,0,0,Harold Washington Library-State/Van Buren,54th/Cermak,41.87652,-87.62601,13,13
40850,Org,20230810 01:13:58,20230810 01:28:58,0,0,0,Harold Washington Library-State/Van Buren,Midway,41.82182,-87.68397,25,25
40850,Pink,20230810 01:13:44,20230810 01:32:44,0,0,0,Harold Washington Library-State/Van Buren,54th/Cermak,41.8544,-87.68513,23,18
40850,Brn,20230810 01:14:00,20230810 01:38:00,0,0,0,Harold Washington Library-State/Van Buren,Kimball,41.94671,-87.67472,15,15
40160,Org,20230810 01:13:49,20230810 01:14:49,0,0,0,LaSalle/Van Buren,Midway,41.87691,-87.6282,10,7
40160,Pink,20230810 01:13:56,20230810 01:15:56,0,0,0,LaSalle/Van Buren,54th/Cermak,41.87652,-87.62601,13,13
40160,Org,20230810 01:13:58,20230810 01:29:58,0,0,0,LaSalle/Van Buren,Midway,41.82182,-87.68397,25,25
40160,Pink,20230810 01:13:44,20230810 01:33:44,0,0,0,LaSalle/Van Buren,54th/Cermak,41.8544,-87.68513,23,18
40160,Brn,20230810 01:14:00,20230810 01:38:00,0,0,0,LaSalle/Van Buren,Kimball,41.94671,-87.67472,15,15
40040,Org,20230810 01:13:49,20230810 01:15:49,0,0,0,Quincy,Midway,41.87691,-87.6282,10,7
40040,Pink,20230810 01:13:56,20230810 01:16:56,0,0,0,Quincy,54th/Cermak,41.87652,-87.62601,13,13
40040,Org,20230810 01:13:58,20230810 01:31:58,0,0,0,Quincy,Midway,41.82182,-87.68397,25,25
40040,Brn,20230810 01:14:00,20230810 01:36:00,0,0,0,Quincy,Kimball,41.94671,-87.67472,15,15
40040,Pink,20230810 01:13:44,20230810 01:35:44,0,0,0,Quincy,54th/Cermak,41.8544,-87.68513,23,18
40730,Org,20230810 01:13:49,20230810 01:16:49,0,0,0,Washington/Wells,Midway,41.87691,-87.6282,10,7
40730,Pink,20230810 01:13:56,20230810 01:17:56,0,0,0,Washington/Wells,54th/Cermak,41.87652,-87.62601,13,13
40730,Org,20230810 01:13:58,20230810 01:32:58,0,0,0,Washington/Wells,Midway,41.82182,-87.68397,25,25
40730,Brn,20230810 01:14:00,20230810 01:36:00,0,0,0,Washington/Wells,Kimball,41.94671,-87.67472,15,15
40730,Pink,20230810 01:13:44,20230810 01:36:44,0,0,0,Washington/Wells,54th/Cermak,41.8544,-87.68513,23,18
40460,Brn,20230810 01:13:31,20230810 01:15:31,0,0,0,Merchandise Mart,Kimball,41.88574,-87.63089,16,12
40460,Brn,20230810 01:14:00,20230810 01:33:00,0,0,0,Merchandise Mart,Loop,41.94671,-87.67472,15,15
40460,Brn,20230810 01:14:00,20230810 01:46:00,0,0,0,Merchandise Mart,Kimball,41.94671,-87.67472,15,15
40330,Red,20230810 01:13:29,20230810 01:17:29,0,0,0,Grand,Howard,41.87815,-87.6276,12,12
40330,Red,20230810 01:13:51,20230810 01:22:51,0,0,0,Grand,95th/Dan Ryan,41.92505,-87.65287,15,15
41400,Org,20230810 01:13:58,20230810 01:24:58,0,0,0,Roosevelt,Loop,41.82182,-87.68397,25,25
41400,G,20230810 01:13:46,20230810 01:26:46,0,0,0,Roosevelt,Harlem/Lake,41.81646,-87.61904,19,19
41400,G,20230810 01:13:16,20230810 01:26:16,0,0,0,Roosevelt,Cottage Grove,41.88498,-87.67667,17,17
41400,Org,20230810 01:13:49,20230810 01:26:49,0,0,0,Roosevelt,Midway,41.87691,-87.6282,10,7
41400,Red,20230810 01:13:51,20230810 01:29:51,0,0,0,Roosevelt,95th/Dan Ryan,41.92505,-87.65287,15,15
41400,G,20230810 01:13:16,20230810 01:37:16,0,0,0,Roosevelt,Ashland/63rd,41.88652,-87.7447,21,21
41160,G,20230810 01:13:16,20230810 01:17:16,0,0,0,Clinton,Cottage Grove,41.88498,-87.67667,17,17
41160,G,20230810 01:13:56,20230810 01:20:56,0,0,0,Clinton,Harlem/Lake,41.87526,-87.62602,16,16
41160,Pink,20230810 01:13:56,20230810 01:21:56,0,0,0,Clinton,54th/Cermak,41.87652,-87.62601,13,13
41160,Pink,20230810 01:13:44,20230810 01:25:44,0,0,0,Clinton,Loop,41.8544,-87.68513,23,18
41160,G,20230810 01:13:16,20230810 01:27:16,0,0,0,Clinton,Ashland/63rd,41.88652,-87.7447,21,21
41160,G,20230810 01:13:46,20230810 01:35:46,0,0,0,Clinton,Harlem/Lake,41.81646,-87.61904,19,19
41160,Pink,20230810 01:13:44,20230810 01:39:44,0,0,0,Clinton,54th/Cermak,41.8544,-87.68513,23,18
41220,Red,20230810 01:14:00,20230810 01:15:00,0,0,0,Fullerton,Howard,41.92326,-87.65281,16,16
41220,Brn,20230810 01:14:00,20230810 01:22:00,0,0,0,Fullerton,Loop,41.94671,-87.67472,15,15
41220,Red,20230810 01:13:29,20230810 01:26:29,0,0,0,Fullerton,Howard,41.87815,-87.6276,12,12
41220,Brn,20230810 01:13:31,20230810 01:27:31,0,0,0,Fullerton,Kimball,41.88574,-87.63089,16,12
41120,G,20230810 01:13:46,20230810 01:18:46,0,0,0,35th-Bronzeville-IIT,Harlem/Lake,41.81646,-87.61904,19,19
41120,G,20230810 01:13:16,20230810 01:33:16,0,0,0,35th-Bronzeville-IIT,Cottage Grove,41.88498,-87.67667,17,17
41120,G,20230810 01:13:16,20230810 01:44:16,0,0,0,35th-Bronzeville-IIT,Ashland/63rd,41.88652,-87.7447,21,21
41320,Red,20230810 01:14:00,20230810 01:17:00,0,0,0,Belmont,Howard,41.92326,-87.65281,16,16
41320,Brn,20230810 01:14:00,20230810 01:19:00,0,0,0,Belmont,Loop,41.94671,-87.67472,15,15
41320,Red,20230810 01:13:29,20230810 01:29:29,0,0,0,Belmont,Howard,41.87815,-87.6276,12,12
41320,Brn,20230810 01:13:31,20230810 01:30:31,0,0,0,Belmont,Kimball,41.88574,-87.63089,16,12
40820,Blue,20230810 01:14:00,20230810 01:25:00,0,0,0,Rosemont,O'Hare,41.98351,-87.85939,57,57
40820,Blue,20230810 01:13:53,20230810 01:40:53,0,0,0,Rosemont,O'Hare,41.90479,-87.66932,14,14
40960,Org,20230810 01:14:01,20230810 01:17:01,0,0,0,Pulaski,Midway,41.8045,-87.69599,18,18
40960,Org,20230810 01:13:34,20230810 01:31:34,0,0,0,Pulaski,Midway,41.86744,-87.62659,12,12
40960,Org,20230810 01:13:49,20230810 01:45:49,0,0,0,Pulaski,Midway,41.87691,-87.6282,10,7
40960,Org,20230810 01:13:58,20230810 02:00:58,0,0,0,Pulaski,Midway,41.82182,-87.68397,25,25
41020,Blue,20230810 01:13:53,20230810 01:18:53,0,0,0,Logan Square,O'Hare,41.90479,-87.66932,14,14
41020,Blue,20230810 01:14:01,20230810 01:23:01,0,0,0,Logan Square,Forest Park,41.96722,-87.75467,60,60
